ϑ,ڎ,ID,ID,ϑ,n,n,͐얼,Ǘ,Ǘ敪,ϑl,ߖTϑ1ID,ߖTϑ1̖,ߖTϑ1̊ϑl,ߖTϑ2ID,ߖTϑ2̖,ߖTϑ2̊ϑl,ߖTϑ3ID,ߖTϑ3̖,ߖTϑ3̊ϑl,ߖTϑ4ID,ߖTϑ4̖,ߖTϑ4̊ϑl,ߖTϑ5ID,ߖTϑ5̖,ߖTϑ5̊ϑl,ߖTϑ6ID,ߖTϑ6̖,ߖTϑ6̊ϑl,ߖTϑ7ID,ߖTϑ7̖,ߖTϑ7̊ϑl,ߖTϑ8ID,ߖTϑ8̖,ߖTϑ8̊ϑl,ߖTϑ9ID,ߖTϑ9̖,ߖTϑ9̊ϑl,ߖTϑ10ID,ߖTϑ10̖,ߖTϑ10̊ϑl,IDWl,bVR[h,[_J,IDWُ,l,EM,Aُl
2025/06/01 02:00,ԉJ,0665700100070,,,ߋE,Rǐ,,_Ǘ,,,0665700100086,Øa,,0665700100069,,,0460900100027,xz,,,,,,,,,,,,,,,,,,,,,,,,53350421,,,,I,
2025/06/01 07:00,ԉJ,0460900100085,,J_,ߋE,㓪,J,LEJ_Ǘ,,,0460900100050,r,,2209700100007,,,0460900100019,c,,,,,,,,,,,,,,,,,,,,,,,,53364199,,,,~,
2025/06/01 10:00,ԉJ,0665700100100,,c,ߋE,ߋȆ,|,Oy؎,,,0665700100063,F,,0665700100059,R,,0665700100062,Ԗ싴,,,,,,,,,,,,,,,,,,,,,,,,53354038,,,,~,
2025/06/01 15:00,ԉJ,0665700100012,,},ߋE,,},Rky؎,,,2206700100004,},,0665700100108,䷓Vr,,0665700100006,C,,,,,,,,,,,,,,,,,,,,,,,,52353628,,,,~,
2025/06/01 17:00,ԉJ,0742500100021,,,ߋE,I̐,I̐,gy؎,,,2207700100009,䃖,,2207700100010,Vg,,2207700100013,,,,,,,,,,,,,,,,,,,,,,,,,51362070,,,,~,
2025/06/01 18:00,ԉJ,0640100100096,,j,ߋE,,j,y؎,,,2209700100021,㍪,,0640100100100,,,2203900100016,Ȑi@\j,,,,,,,,,,,,,,,,,,,,,,,,53350634,,,,~,
2025/06/01 18:00,ԉJ,0665700100070,,,ߋE,Rǐ,,_Ǘ,,,0665700100086,Øa,,0665700100069,,,0460900100027,xz,,,,,,,,,,,,,,,,,,,,,,,,53350421,,,,~,
2025/06/01 23:00,ԉJ,0665700100012,,},ߋE,,},Rky؎,,,2206700100004,},,0665700100108,䷓Vr,,0665700100006,C,,,,,,,,,,,,,,,,,,,,,,,,52353628,,,,I,
2025/06/02 01:00,ԉJ,0640100100079,,bÌ,ߋE,,o,o_Ǘ,,,0640100100129,H,,2203900100004,g,,0640100100076,c,,,,,,,,,,,,,,,,,,,,,,,,53362219,,,,~,
2025/06/02 02:00,ԉJ,2209900100006,106071286619010,r,ߋE,㓪,㓪,㓪_Ǘ,͐,,0460900100011,zy,,2209900100013,,,0460900100084,y_,,,,,,,,,,,,,,,,,,,,,,,,54360420,,,,~,
2025/06/02 05:00,ԉJ,0640100100079,,bÌ,ߋE,,o,o_Ǘ,,,0640100100129,H,,2203900100004,g,,0640100100076,c,,,,,,,,,,,,,,,,,,,,,,,,53362219,,,,I,
2025/06/02 07:00,ԉJ,0614500100161,,_,ߋE,V{,̑,F쌚ݎ,,,0768100100159,F,,0614500100167,,,0614500100164,琶,,,,,,,,,,,,,,,,,,,,,,,,50367030,,,,~,
2025/06/02 10:00,ԉJ,2209900100006,106071286619010,r,ߋE,㓪,㓪,㓪_Ǘ,͐,,0460900100011,zy,,2209900100013,,,0460900100084,y_,,,,,,,,,,,,,,,,,,,,,,,,54360420,,,,~,
2025/06/02 11:00,ԉJ,0640100100096,,j,ߋE,,j,y؎,,,2209700100021,㍪,,0640100100100,,,2203900100016,Ȑi@\j,,,,,,,,,,,,,,,,,,,,,,,,53350634,,,,~,
2025/06/02 12:00,ԉJ,0742500100025,,ܞ,ߋE,I̐,I̐,ܞy؎,,,0742500100167,ԏ,,2208700100023,ܞ,,0742500100162,,,,,,,,,,,,,,,,,,,,,,,,,51354536,,,,~,
2025/06/02 14:00,ԉJ,0640100100054,,gJ,ߋE,,m,i_Ǘ,,,0640100100043,,,0640100100058,唋,,0640100100066,Sώ,,,,,,,,,,,,,,,,,,,,,,,,52365259,,,,~,
2025/06/02 14:00,ԉJ,0640100100055,,N,ߋE,,m,i_Ǘ,,,0640100100054,gJ,,0640100100051,Ξ,,0640100100061,N,,,,,,,,,,,,,,,,,,,,,,,,52365382,,,,~,
2025/06/02 14:00,ԉJ,0640100100083,,Y,ߋE,,Y,ؔV{y؎,,,0640100100097,,,0640100100088,B|,,2203900100007,}Lm,,,,,,,,,,,,,,,,,,,,,,,,53361099,,,,~,
2025/06/02 14:00,ԉJ,0665700100070,,,ߋE,Rǐ,,_Ǘ,,,0665700100086,Øa,,0665700100069,,,0460900100027,xz,,,,,,,,,,,,,,,,,,,,,,,,53350421,,,,~,
2025/06/02 14:00,ԉJ,2206900100007,106031286607180,ꔨ,ߋE,a,ΐ,a͐쎖,͐,,0691300100023,ꔨ_,,0691300100024,։,,0691300100027,R,,,,,,,,,,,,,,,,,,,,,,,,51354492,,,,~,
2025/06/02 15:00,ԉJ,0665700100003,,匴,ߋE,,,s{sy؎,,,2206800100016,b,,0665700100007,MD,,0640100100009,r,,,,,,,,,,,,,,,,,,,,,,,,52355635,,,,~,
2025/06/02 17:00,ԉJ,0640100100008,,,ߋE,,ܐ,Óy؎,,,2203900100016,Ȑi@\j,,0640100100013,ŌR,,0640100100011,߉ރx,,,,,,,,,,,,,,,,,,,,,,,,52356699,,,,~,
2025/06/02 17:00,ԉJ,0640100100086,,,ߋE,,,ؔV{y؎,,,0640100100082,,,0640100100085,s,,0640100100129,H,,,,,,,,,,,,,,,,,,,,,,,,53363118,,,,~,
2025/06/02 19:00,ԉJ,0640100100088,,B|,ߋE,,,ؔV{y؎,,,0460900100064,Dc,,0640100100085,s,,0640100100083,Y,,,,,,,,,,,,,,,,,,,,,,,,53362161,,,,~,
2025/06/02 21:00,ԉJ,0640100100086,,,ߋE,,,ؔV{y؎,,,0640100100082,,,0640100100085,s,,0640100100129,H,,,,,,,,,,,,,,,,,,,,,,,,53363118,,,,I,
2025/06/02 23:00,ԉJ,0640100100088,,B|,ߋE,,,ؔV{y؎,,,0460900100064,Dc,,0640100100085,s,,0640100100083,Y,,,,,,,,,,,,,,,,,,,,,,,,53362161,,,,I,
2025/06/03 01:00,ԉJ,2209900100006,106071286619010,r,ߋE,㓪,㓪,㓪_Ǘ,͐,,0460900100011,zy,,2209900100013,,,0460900100084,y_,,,,,,,,,,,,,,,,,,,,,,,,54360420,,,,~,
2025/06/03 07:00,ԉJ,2203900100016,106041900000090,Ȑi@\j,ߋE,,ܐ,@\@iΑǗ,@\,,0640100100100,,,0640100100008,,,0640100100094,Ko[,,,,,,,,,,,,,,,,,,,,,,,,52357740,,,,~,
2025/06/03 07:30,POJ,2206900100014,106031286607100,|,ߋE,a,ΐ,a͐쎖,͐,0.0,0691300100020,xcсi{j,14.0,0691300100021,瑁i{j,15.0,2206900100011,,14.0,,,,,,,,,,,,,,,,,,,,,,14.3,51356502,16.6,~,,,
2025/06/03 07:40,POJ,2206900100014,106031286607100,|,ߋE,a,ΐ,a͐쎖,͐,0.0,0691300100020,xcсi{j,14.0,0691300100021,瑁i{j,16.0,2206900100011,,15.0,,,,,,,,,,,,,,,,,,,,,,15.0,51356502,17.4,~,,,Z
2025/06/03 07:50,POJ,2206900100014,106031286607100,|,ߋE,a,ΐ,a͐쎖,͐,0.0,0691300100020,xcсi{j,15.0,0691300100021,瑁i{j,19.0,2206900100011,,17.0,,,,,,,,,,,,,,,,,,,,,,17.1,51356502,18.8,~,,,Z
2025/06/03 08:00,POJ,2206900100014,106031286607100,|,ߋE,a,ΐ,a͐쎖,͐,0.0,0691300100020,xcсi{j,17.0,0691300100021,瑁i{j,20.0,2206900100011,,18.0,,,,,,,,,,,,,,,,,,,,,,18.4,51356502,19.1,~,,,Z
2025/06/03 08:10,POJ,2206900100014,106031286607100,|,ߋE,a,ΐ,a͐쎖,͐,0.0,0691300100020,xcсi{j,18.0,0691300100021,瑁i{j,22.0,2206900100011,,19.0,,,,,,,,,,,,,,,,,,,,,,19.7,51356502,19.6,~,,,Z
2025/06/03 08:20,POJ,2206900100014,106031286607100,|,ߋE,a,ΐ,a͐쎖,͐,0.0,0691300100020,xcсi{j,18.0,0691300100021,瑁i{j,23.0,2206900100011,,20.0,,,,,,,,,,,,,,,,,,,,,,20.4,51356502,20.2,~,,,Z
2025/06/03 08:30,POJ,2206900100014,106031286607100,|,ߋE,a,ΐ,a͐쎖,͐,0.0,0691300100020,xcсi{j,18.0,0691300100021,瑁i{j,24.0,2206900100011,,20.0,,,,,,,,,,,,,,,,,,,,,,20.7,51356502,20.6,~,,,Z
2025/06/03 08:40,POJ,2206900100014,106031286607100,|,ߋE,a,ΐ,a͐쎖,͐,0.0,0691300100020,xcсi{j,20.0,0691300100021,瑁i{j,25.0,2206900100011,,20.0,,,,,,,,,,,,,,,,,,,,,,21.7,51356502,21.0,~,,,Z
2025/06/03 08:50,POJ,2206900100014,106031286607100,|,ߋE,a,ΐ,a͐쎖,͐,0.0,0691300100020,xcсi{j,21.0,0691300100021,瑁i{j,28.0,2206900100011,,21.0,,,,,,,,,,,,,,,,,,,,,,23.4,51356502,21.2,~,,,Z
2025/06/03 09:00,ԉJ,0742500100021,,,ߋE,I̐,I̐,gy؎,,,2207700100009,䃖,,2207700100010,Vg,,2207700100013,,,,,,,,,,,,,,,,,,,,,,,,,51362070,,,,~,
2025/06/03 09:00,POJ,2206900100014,106031286607100,|,ߋE,a,ΐ,a͐쎖,͐,0.0,0691300100020,xcсi{j,24.0,0691300100021,瑁i{j,28.0,2206900100011,,25.0,,,,,,,,,,,,,,,,,,,,,,25.7,51356502,23.9,~,,,Z
2025/06/03 09:10,POJ,2206900100014,106031286607100,|,ߋE,a,ΐ,a͐쎖,͐,0.0,0691300100020,xcсi{j,29.0,0691300100021,瑁i{j,30.0,2206900100011,,29.0,,,,,,,,,,,,,,,,,,,,,,29.3,51356502,26.8,~,,,Z
2025/06/03 09:20,POJ,2206900100014,106031286607100,|,ߋE,a,ΐ,a͐쎖,͐,0.0,0691300100020,xcсi{j,30.0,0691300100021,瑁i{j,29.0,2206900100011,,29.0,,,,,,,,,,,,,,,,,,,,,,29.3,51356502,26.9,~,,,Z
2025/06/03 09:30,POJ,2206900100014,106031286607100,|,ߋE,a,ΐ,a͐쎖,͐,0.0,0691300100020,xcсi{j,29.0,0691300100021,瑁i{j,28.0,2206900100011,,28.0,,,,,,,,,,,,,,,,,,,,,,28.3,51356502,25.9,~,,,Z
2025/06/03 09:40,POJ,2206900100014,106031286607100,|,ߋE,a,ΐ,a͐쎖,͐,0.0,0691300100020,xcсi{j,28.0,0691300100021,瑁i{j,26.0,2206900100011,,27.0,,,,,,,,,,,,,,,,,,,,,,27.0,51356502,24.9,~,,,Z
2025/06/03 09:50,POJ,2206900100014,106031286607100,|,ߋE,a,ΐ,a͐쎖,͐,0.0,0691300100020,xcсi{j,28.0,0691300100021,瑁i{j,26.0,2206900100011,,26.0,,,,,,,,,,,,,,,,,,,,,,26.6,51356502,24.5,~,,,Z
2025/06/03 10:00,POJ,2206900100014,106031286607100,|,ߋE,a,ΐ,a͐쎖,͐,0.0,0691300100020,xcсi{j,27.0,0691300100021,瑁i{j,25.0,2206900100011,,26.0,,,,,,,,,,,,,,,,,,,,,,26.0,51356502,24.2,~,,,Z
2025/06/03 10:10,POJ,2206900100014,106031286607100,|,ߋE,a,ΐ,a͐쎖,͐,0.0,0691300100020,xcсi{j,27.0,0691300100021,瑁i{j,24.0,2206900100011,,26.0,,,,,,,,,,,,,,,,,,,,,,25.6,51356502,24.1,~,,,Z
2025/06/03 10:20,POJ,2206900100014,106031286607100,|,ߋE,a,ΐ,a͐쎖,͐,0.0,0691300100020,xcсi{j,26.0,0691300100021,瑁i{j,23.0,2206900100011,,24.0,,,,,,,,,,,,,,,,,,,,,,24.3,51356502,23.7,~,,,Z
2025/06/03 10:30,POJ,2206900100014,106031286607100,|,ߋE,a,ΐ,a͐쎖,͐,0.0,0691300100020,xcсi{j,24.0,0691300100021,瑁i{j,21.0,2206900100011,,23.0,,,,,,,,,,,,,,,,,,,,,,22.6,51356502,23.2,~,,,Z
2025/06/03 10:40,POJ,2206900100014,106031286607100,|,ߋE,a,ΐ,a͐쎖,͐,0.0,0691300100020,xcсi{j,23.0,0691300100021,瑁i{j,20.0,2206900100011,,22.0,,,,,,,,,,,,,,,,,,,,,,21.6,51356502,22.5,~,,,Z
2025/06/03 10:50,POJ,2206900100014,106031286607100,|,ߋE,a,ΐ,a͐쎖,͐,0.0,0691300100020,xcсi{j,22.0,0691300100021,瑁i{j,17.0,2206900100011,,20.0,,,,,,,,,,,,,,,,,,,,,,19.6,51356502,21.1,~,,,Z
2025/06/03 11:00,ԉJ,0614500100161,,_,ߋE,V{,̑,F쌚ݎ,,,0768100100159,F,,0614500100167,,,0614500100164,琶,,,,,,,,,,,,,,,,,,,,,,,,50367030,,,,~,
2025/06/03 11:00,POJ,2206900100014,106031286607100,|,ߋE,a,ΐ,a͐쎖,͐,0.0,0691300100020,xcсi{j,20.0,0691300100021,瑁i{j,16.0,2206900100011,,19.0,,,,,,,,,,,,,,,,,,,,,,18.3,51356502,20.6,~,,,Z
2025/06/03 11:10,POJ,2206900100014,106031286607100,|,ߋE,a,ΐ,a͐쎖,͐,0.0,0691300100020,xcсi{j,19.0,0691300100021,瑁i{j,14.0,2206900100011,,17.0,,,,,,,,,,,,,,,,,,,,,,16.6,51356502,19.5,~,,,Z
2025/06/03 11:20,POJ,2206900100014,106031286607100,|,ߋE,a,ΐ,a͐쎖,͐,0.0,0691300100020,xcсi{j,18.0,0691300100021,瑁i{j,12.0,2206900100011,,16.0,,,,,,,,,,,,,,,,,,,,,,15.3,51356502,19.5,~,,,Z
2025/06/03 11:30,POJ,2206900100014,106031286607100,|,ߋE,a,ΐ,a͐쎖,͐,0.0,0691300100020,xcсi{j,18.0,0691300100021,瑁i{j,10.0,2206900100011,,15.0,,,,,,,,,,,,,,,,,,,,,,14.2,51356502,18.5,~,,,Z
2025/06/03 13:00,ԉJ,0742500100021,,,ߋE,I̐,I̐,gy؎,,,2207700100009,䃖,,2207700100010,Vg,,2207700100013,,,,,,,,,,,,,,,,,,,,,,,,,51362070,,,,I,
2025/06/03 15:00,ԉJ,0614500100161,,_,ߋE,V{,̑,F쌚ݎ,,,0768100100159,F,,0614500100167,,,0614500100164,琶,,,,,,,,,,,,,,,,,,,,,,,,50367030,,,,I,
2025/06/03 20:00,ԉJ,2209900100006,106071286619010,r,ߋE,㓪,㓪,㓪_Ǘ,͐,,0460900100011,zy,,2209900100013,,,0460900100084,y_,,,,,,,,,,,,,,,,,,,,,,,,54360420,,,,~,
2025/06/03 21:00,ԉJ,0614500100145,,_,ߋE,,,ɉꌚݎ,,,2210700100059,n,,2210700100008,≺2,,0614500100143,k,,,,,,,,,,,,,,,,,,,,,,,,52360167,,,,~,
2025/06/04 12:00,ԉJ,0640100100096,,j,ߋE,,j,y؎,,,2209700100021,㍪,,0640100100100,,,2203900100016,Ȑi@\j,,,,,,,,,,,,,,,,,,,,,,,,53350634,,,,~,
2025/06/04 14:00,ԉJ,0640100100083,,Y,ߋE,,Y,ؔV{y؎,,,0640100100097,,,0640100100088,B|,,2203900100007,}Lm,,,,,,,,,,,,,,,,,,,,,,,,53361099,,,,~,
2025/06/04 15:00,ԉJ,0716900100141,,,ߋE,~R,,{y؎,,,2206400100010,R,,0716900100054,acRij,,2206400100002,acR,,,,,,,,,,,,,,,,,,,,,,,,53340750,,,,~,
2025/06/04 16:00,ԉJ,0614500100161,,_,ߋE,V{,̑,F쌚ݎ,,,0768100100159,F,,0614500100167,,,0614500100164,琶,,,,,,,,,,,,,,,,,,,,,,,,50367030,,,,~,
2025/06/04 16:00,ԉJ,0640100100085,,s,ߋE,,],ؔV{y؎,,,0640100100086,,,0640100100081,ؔV{,,0640100100129,H,,,,,,,,,,,,,,,,,,,,,,,,53362165,,,,~,
2025/06/04 16:00,ԉJ,0640100100086,,,ߋE,,,ؔV{y؎,,,0640100100082,,,0640100100085,s,,0640100100129,H,,,,,,,,,,,,,,,,,,,,,,,,53363118,,,,~,
2025/06/04 16:00,ԉJ,0640100100130,,É,ߋE,,ܐ,y؎,,,2203900100010,s,,0640100100106,V_,,0640100100098,ۍ,,,,,,,,,,,,,,,,,,,,,,,,53350737,,,,~,
2025/06/04 16:00,ԉJ,0665700100046,,_,ߋE,Rǐ,Rǐ,Oy؎,,,2205100100020,g,,2205100100002,,,0665700100047,]R,,,,,,,,,,,,,,,,,,,,,,,,53350164,,,,~,
2025/06/04 16:00,ԉJ,0665700100084,,\q,ߋE,Rǐ,ѐ,Oy؎,,,0665700100041,_,,0665700100115,^,,0665700100040,Í,,,,,,,,,,,,,,,,,,,,,,,,52357297,,,,~,
2025/06/04 16:00,ԉJ,0716900100064,,΋,ߋE,ݓc,ݓc,Vy؎,,,0716900100115,q,,0716900100067,,,0716900100066,,,,,,,,,,,,,,,,,,,,,,,,,53342315,,,,~,
2025/06/04 18:00,ԉJ,0614500100073,,J,ߋE,V{,ߒq,F쌚ݎ,,,2208800100003,,,2208800100001,ˌQ,,2208800100004,V{,,,,,,,,,,,,,,,,,,,,,,,,50355728,,,,~,
2025/06/04 18:00,ԉJ,0640100100100,,,ߋE,,ܐ,y؎,,,2203900100016,Ȑi@\j,,0640100100095,s,,0640100100094,Ko[,,,,,,,,,,,,,,,,,,,,,,,,52357771,,,,~,
2025/06/04 18:00,ԉJ,0665700100070,,,ߋE,Rǐ,,_Ǘ,,,0665700100086,Øa,,0665700100069,,,0460900100027,xz,,,,,,,,,,,,,,,,,,,,,,,,53350421,,,,~,
2025/06/04 18:00,ԉJ,2206900100007,106031286607180,ꔨ,ߋE,a,ΐ,a͐쎖,͐,,0691300100023,ꔨ_,,0691300100024,։,,0691300100027,R,,,,,,,,,,,,,,,,,,,,,,,,51354492,,,,~,
2025/06/04 19:00,ԉJ,0640100100008,,,ߋE,,ܐ,Óy؎,,,2203900100016,Ȑi@\j,,0640100100013,ŌR,,0640100100011,߉ރx,,,,,,,,,,,,,,,,,,,,,,,,52356699,,,,~,
2025/06/04 22:00,ԉJ,0614500100073,,J,ߋE,V{,ߒq,F쌚ݎ,,,2208800100003,,,2208800100001,ˌQ,,2208800100004,V{,,,,,,,,,,,,,,,,,,,,,,,,50355728,,,,I,
2025/06/04 22:00,ԉJ,0665700100003,,匴,ߋE,,,s{sy؎,,,2206800100016,b,,0665700100007,MD,,0640100100009,r,,,,,,,,,,,,,,,,,,,,,,,,52355635,,,,~,
2025/06/04 22:00,ԉJ,2206900100007,106031286607180,ꔨ,ߋE,a,ΐ,a͐쎖,͐,,0691300100023,ꔨ_,,0691300100024,։,,0691300100027,R,,,,,,,,,,,,,,,,,,,,,,,,51354492,,,,I,
2025/06/04 23:00,ԉJ,2209900100006,106071286619010,r,ߋE,㓪,㓪,㓪_Ǘ,͐,,0460900100011,zy,,2209900100013,,,0460900100084,y_,,,,,,,,,,,,,,,,,,,,,,,,54360420,,,,~,
2025/06/05 00:00,ԉJ,0640100100095,,s,ߋE,,ܐ,y؎,,,2203900100010,s,,0640100100100,,,0640100100130,É,,,,,,,,,,,,,,,,,,,,,,,,53350723,,,,~,
2025/06/05 04:00,ԉJ,0640100100095,,s,ߋE,,ܐ,y؎,,,2203900100010,s,,0640100100100,,,0640100100130,É,,,,,,,,,,,,,,,,,,,,,,,,53350723,,,,I,
2025/06/05 05:00,ԉJ,0614500100161,,_,ߋE,V{,̑,F쌚ݎ,,,0768100100159,F,,0614500100167,,,0614500100164,琶,,,,,,,,,,,,,,,,,,,,,,,,50367030,,,,~,
2025/06/05 07:00,ԉJ,0614500100145,,_,ߋE,,,ɉꌚݎ,,,2210700100059,n,,2210700100008,≺2,,0614500100143,k,,,,,,,,,,,,,,,,,,,,,,,,52360167,,,,~,
2025/06/05 08:00,ԉJ,0640100100008,,,ߋE,,ܐ,Óy؎,,,2203900100016,Ȑi@\j,,0640100100013,ŌR,,0640100100011,߉ރx,,,,,,,,,,,,,,,,,,,,,,,,52356699,,,,~,
2025/06/05 10:00,ԉJ,0640100100095,,s,ߋE,,ܐ,y؎,,,2203900100010,s,,0640100100100,,,0640100100130,É,,,,,,,,,,,,,,,,,,,,,,,,53350723,,,,~,
2025/06/05 10:00,ԉJ,0640100100096,,j,ߋE,,j,y؎,,,2209700100021,㍪,,0640100100100,,,2203900100016,Ȑi@\j,,,,,,,,,,,,,,,,,,,,,,,,53350634,,,,~,
2025/06/05 12:00,ԉJ,0665700100070,,,ߋE,Rǐ,,_Ǘ,,,0665700100086,Øa,,0665700100069,,,0460900100027,xz,,,,,,,,,,,,,,,,,,,,,,,,53350421,,,,~,
2025/06/05 13:00,ԉJ,0640100100055,,N,ߋE,,m,i_Ǘ,,,0640100100054,gJ,,0640100100051,Ξ,,0640100100061,N,,,,,,,,,,,,,,,,,,,,,,,,52365382,,,,~,
2025/06/05 13:00,ԉJ,0640100100083,,Y,ߋE,,Y,ؔV{y؎,,,0640100100097,,,0640100100088,B|,,2203900100007,}Lm,,,,,,,,,,,,,,,,,,,,,,,,53361099,,,,~,
2025/06/05 14:00,ԉJ,0460900100092,,͓_,ߋE,k,k,ly؎,,,0460900100073,s,,2209900100009,F,,0640100100098,ۍ,,,,,,,,,,,,,,,,,,,,,,,,53351711,,,,~,
2025/06/05 14:00,ԉJ,0640100100086,,,ߋE,,,ؔV{y؎,,,0640100100082,,,0640100100085,s,,0640100100129,H,,,,,,,,,,,,,,,,,,,,,,,,53363118,,,,~,
2025/06/05 14:00,ԉJ,0640100100095,,s,ߋE,,ܐ,y؎,,,2203900100010,s,,0640100100100,,,0640100100130,É,,,,,,,,,,,,,,,,,,,,,,,,53350723,,,,I,
2025/06/05 14:00,ԉJ,2209900100006,106071286619010,r,ߋE,㓪,㓪,㓪_Ǘ,͐,,0460900100011,zy,,2209900100013,,,0460900100084,y_,,,,,,,,,,,,,,,,,,,,,,,,54360420,,,,~,
2025/06/05 15:00,ԉJ,0614500100145,,_,ߋE,,,ɉꌚݎ,,,2210700100059,n,,2210700100008,≺2,,0614500100143,k,,,,,,,,,,,,,,,,,,,,,,,,52360167,,,,I,
2025/06/05 15:00,ԉJ,0640100100054,,gJ,ߋE,,m,i_Ǘ,,,0640100100043,,,0640100100058,唋,,0640100100066,Sώ,,,,,,,,,,,,,,,,,,,,,,,,52365259,,,,~,
2025/06/05 15:00,ԉJ,0665700100003,,匴,ߋE,,,s{sy؎,,,2206800100016,b,,0665700100007,MD,,0640100100009,r,,,,,,,,,,,,,,,,,,,,,,,,52355635,,,,~,
2025/06/05 15:00,ԉJ,0665700100012,,},ߋE,,},Rky؎,,,2206700100004,},,0665700100108,䷓Vr,,0665700100006,C,,,,,,,,,,,,,,,,,,,,,,,,52353628,,,,~,
2025/06/05 15:00,ԉJ,2209700100001,106071286601090,,ߋE,㓪,,͐썑,͐,,0460900100017,Oy,,0460900100049,e{,,0460900100016,R,,,,,,,,,,,,,,,,,,,,,,,,53366173,,,,~,
2025/06/05 15:00,ԉJ,2209700100002,106071286601080,Dc,ߋE,㓪,,͐썑,͐,,0460900100023,I]O,,0460900100057,㎅,,0460900100058,],,,,,,,,,,,,,,,,,,,,,,,,53367054,,,,~,
2025/06/05 15:00,ԉJ,2209700100003,106071286601120,,ߋE,㓪,,͐썑,͐,,0460900100050,r,,0460900100085,J_,,2209700100007,,,,,,,,,,,,,,,,,,,,,,,,,53365126,,,,~,
2025/06/05 15:00,ԉJ,2209700100004,106071286601100,,ߋE,㓪,H,͐썑,͐,,0460900100055,J,,0460900100056,V,,0460900100054,,,,,,,,,,,,,,,,,,,,,,,,,53366267,,,,~,
2025/06/05 15:00,ԉJ,2209700100005,106071286601020,ZCt,ߋE,㓪,㓪,͐썑,͐,,2209700100014,,,0460900100084,y_,,2209900100007,Ŕg,,,,,,,,,,,,,,,,,,,,,,,,54361435,,,,~,
2025/06/05 15:00,ԉJ,2209700100006,106071286601050,,ߋE,㓪,H,͐썑,͐,,0460900100033,,,0460900100001,y,,0460900100003,喡,,,,,,,,,,,,,,,,,,,,,,,,54360146,,,,~,
2025/06/05 15:00,ԉJ,2209700100007,106071286601110,,ߋE,㓪,,͐썑,͐,,0460900100085,J_,,2209700100003,,,0460900100056,V,,,,,,,,,,,,,,,,,,,,,,,,53365251,,,,~,
2025/06/05 15:00,ԉJ,2209700100011,106081286601030,F,ߋE,k,͓,͐썑,͐,,0460900100073,s,,2209700100020,咹H,,0460900100092,͓_,,,,,,,,,,,,,,,,,,,,,,,,53351731,,,,~,
2025/06/05 15:00,ԉJ,2209700100012,106081286601020,l,ߋE,k,~,͐썑,͐,,0460900100026,ly,,0460900100089,,,0460900100073,s,,,,,,,,,,,,,,,,,,,,,,,,53351682,,,,~,
2025/06/05 15:00,ԉJ,2209700100014,106071286601040,,ߋE,㓪,㓪,͐썑,͐,,0460900100044,Mn,,2209900100006,r,,0460900100081,MJ,,,,,,,,,,,,,,,,,,,,,,,,54360397,,,,~,
2025/06/05 15:00,ԉJ,2209700100015,106071286601030,,ߋE,㓪,㓪,͐썑,͐,,0460900100009,@_,,0460900100002,g,,0460900100036,q,,,,,,,,,,,,,,,,,,,,,,,,54361225,,,,~,
2025/06/05 15:00,ԉJ,2209700100020,106081286601010,咹H,ߋE,k,H,͐썑,͐,,0460900100070,≮,,0460900100073,s,,2209700100011,F,,,,,,,,,,,,,,,,,,,,,,,,53352609,,,,~,
2025/06/05 15:00,ԉJ,2209700100021,106081286601040,㍪,ߋE,k,~,͐썑,͐,,0640100100096,j,,0460900100089,,,2209700100012,l,,,,,,,,,,,,,,,,,,,,,,,,53350693,,,,~,
2025/06/05 16:00,ԉJ,0665700100046,,_,ߋE,Rǐ,Rǐ,Oy؎,,,2205100100020,g,,2205100100002,,,0665700100047,]R,,,,,,,,,,,,,,,,,,,,,,,,53350164,,,,~,
2025/06/05 16:00,ԉJ,2206900100007,106031286607180,ꔨ,ߋE,a,ΐ,a͐쎖,͐,,0691300100023,ꔨ_,,0691300100024,։,,0691300100027,R,,,,,,,,,,,,,,,,,,,,,,,,51354492,,,,~,
2025/06/05 17:00,ԉJ,2206700100050,,n,ߋE,,j,@\@jE_Ǘ,@\,,0665700100024,Ԕw,,2206700100009,q,,0665700100025,㍕c,,,,,,,,,,,,,,,,,,,,,,,,52356681,,,,~,
2025/06/05 18:00,ԉJ,2209900100006,106071286619010,r,ߋE,㓪,㓪,㓪_Ǘ,͐,,0460900100011,zy,,2209900100013,,,0460900100084,y_,,,,,,,,,,,,,,,,,,,,,,,,54360420,,,,I,
2025/06/05 19:00,ԉJ,0640100100095,,s,ߋE,,ܐ,y؎,,,2203900100010,s,,0640100100100,,,0640100100130,É,,,,,,,,,,,,,,,,,,,,,,,,53350723,,,,~,
2025/06/05 20:00,ԉJ,0640100100100,,,ߋE,,ܐ,y؎,,,2203900100016,Ȑi@\j,,0640100100095,s,,0640100100094,Ko[,,,,,,,,,,,,,,,,,,,,,,,,52357771,,,,~,
2025/06/05 20:00,ԉJ,0665700100046,,_,ߋE,Rǐ,Rǐ,Oy؎,,,2205100100020,g,,2205100100002,,,0665700100047,]R,,,,,,,,,,,,,,,,,,,,,,,,53350164,,,,I,
2025/06/06 00:00,ԉJ,0742500100026,,哃,ߋE,V{,F,ܞy؎,,,2207700100008,J,,0742500100173,F,,0742500100159,ĎR,,,,,,,,,,,,,,,,,,,,,,,,51352600,,,,~,
2025/06/06 02:00,ԉJ,0665700100003,,匴,ߋE,,,s{sy؎,,,2206800100016,b,,0665700100007,MD,,0640100100009,r,,,,,,,,,,,,,,,,,,,,,,,,52355635,,,,~,
2025/06/06 03:00,ԉJ,2209900100006,106071286619010,r,ߋE,㓪,㓪,㓪_Ǘ,͐,,0460900100011,zy,,2209900100013,,,0460900100084,y_,,,,,,,,,,,,,,,,,,,,,,,,54360420,,,,~,
2025/06/06 04:00,ԉJ,0742500100026,,哃,ߋE,V{,F,ܞy؎,,,2207700100008,J,,0742500100173,F,,0742500100159,ĎR,,,,,,,,,,,,,,,,,,,,,,,,51352600,,,,I,
2025/06/06 05:00,ԉJ,2206700100005,106041286618030,R,ߋE,,j,_Ǘ,͐,,0665700100026,R,,2206700100053,ז,,2206700100055,F,,,,,,,,,,,,,,,,,,,,,,,,52355590,,,,~,
2025/06/06 07:00,ԉJ,2209900100006,106071286619010,r,ߋE,㓪,㓪,㓪_Ǘ,͐,,0460900100011,zy,,2209900100013,,,0460900100084,y_,,,,,,,,,,,,,,,,,,,,,,,,54360420,,,,I,
2025/06/06 08:00,ԉJ,0665700100003,,匴,ߋE,,,s{sy؎,,,2206800100016,b,,0665700100007,MD,,0640100100009,r,,,,,,,,,,,,,,,,,,,,,,,,52355635,,,,~,
2025/06/06 10:00,ԉJ,0640100100096,,j,ߋE,,j,y؎,,,2209700100021,㍪,,0640100100100,,,2203900100016,Ȑi@\j,,,,,,,,,,,,,,,,,,,,,,,,53350634,,,,~,
2025/06/06 11:00,ԉJ,0640100100008,,,ߋE,,ܐ,Óy؎,,,2203900100016,Ȑi@\j,,0640100100013,ŌR,,0640100100011,߉ރx,,,,,,,,,,,,,,,,,,,,,,,,52356699,,,,~,
2025/06/06 11:00,ԉJ,0640100100095,,s,ߋE,,ܐ,y؎,,,2203900100010,s,,0640100100100,,,0640100100130,É,,,,,,,,,,,,,,,,,,,,,,,,53350723,,,,~,
2025/06/06 11:00,ԉJ,0640100100100,,,ߋE,,ܐ,y؎,,,2203900100016,Ȑi@\j,,0640100100095,s,,0640100100094,Ko[,,,,,,,,,,,,,,,,,,,,,,,,52357771,,,,~,
2025/06/06 12:00,ԉJ,0640100100083,,Y,ߋE,,Y,ؔV{y؎,,,0640100100097,,,0640100100088,B|,,2203900100007,}Lm,,,,,,,,,,,,,,,,,,,,,,,,53361099,,,,~,
2025/06/06 12:00,ԉJ,0640100100085,,s,ߋE,,],ؔV{y؎,,,0640100100086,,,0640100100081,ؔV{,,0640100100129,H,,,,,,,,,,,,,,,,,,,,,,,,53362165,,,,~,
2025/06/06 12:00,ԉJ,0640100100088,,B|,ߋE,,,ؔV{y؎,,,0460900100064,Dc,,0640100100085,s,,0640100100083,Y,,,,,,,,,,,,,,,,,,,,,,,,53362161,,,,~,
2025/06/06 12:00,ԉJ,0665700100070,,,ߋE,Rǐ,,_Ǘ,,,0665700100086,Øa,,0665700100069,,,0460900100027,xz,,,,,,,,,,,,,,,,,,,,,,,,53350421,,,,~,
2025/06/06 13:00,ԉJ,0665700100012,,},ߋE,,},Rky؎,,,2206700100004,},,0665700100108,䷓Vr,,0665700100006,C,,,,,,,,,,,,,,,,,,,,,,,,52353628,,,,~,
2025/06/06 14:00,ԉJ,0640100100055,,N,ߋE,,m,i_Ǘ,,,0640100100054,gJ,,0640100100051,Ξ,,0640100100061,N,,,,,,,,,,,,,,,,,,,,,,,,52365382,,,,~,
2025/06/06 14:00,ԉJ,0716900100064,,΋,ߋE,ݓc,ݓc,Vy؎,,,0716900100115,q,,0716900100067,,,0716900100066,,,,,,,,,,,,,,,,,,,,,,,,,53342315,,,,~,
2025/06/06 14:00,ԉJ,2206700100002,106041286618120,咹,ߋE,,ː,_Ǘ,͐,,0640100100007,c,,0640100100019,ω,,0640100100017,uR,,,,,,,,,,,,,,,,,,,,,,,,52363030,,,,~,
2025/06/06 14:00,ԉJ,2206700100005,106041286618030,R,ߋE,,j,_Ǘ,͐,,0665700100026,R,,2206700100053,ז,,2206700100055,F,,,,,,,,,,,,,,,,,,,,,,,,52355590,,,,~,
2025/06/06 14:00,ԉJ,2206800100001,106041286606070,V,ߋE,,j,͐쎖,͐,,0665700100035,ؑ勴,,0665700100031,,,0665700100113,O,,,,,,,,,,,,,,,,,,,,,,,,52355400,,,,~,
2025/06/06 14:00,ԉJ,2207700100006,106011286622070,씗,ߋE,V{,F,I̐_Ǘ,͐,,2207700100001,,0.0,0742500100024,V,,2207700100002,,0.0,,,,,,,,,,,,,,,,,,,,,,0.0,51352761,0.0,,,~,
2025/06/06 15:00,ԉJ,0640100100086,,,ߋE,,,ؔV{y؎,,,0640100100082,,,0640100100085,s,,0640100100129,H,,,,,,,,,,,,,,,,,,,,,,,,53363118,,,,~,
2025/06/06 15:00,ԉJ,0665700100081,,e,ߋE,Rǐ,,s{Oy؎,,,2205100100004,R,,0665700100034,싴,,2205100100008,],,,,,,,,,,,,,,,,,,,,,,,,52356227,,,,~,
2025/06/06 15:00,ԉJ,2206700100050,,n,ߋE,,j,@\@jE_Ǘ,@\,,0665700100024,Ԕw,,2206700100009,q,,0665700100025,㍕c,,,,,,,,,,,,,,,,,,,,,,,,52356681,,,,~,
2025/06/06 15:00,ԉJ,2206900100007,106031286607180,ꔨ,ߋE,a,ΐ,a͐쎖,͐,,0691300100023,ꔨ_,,0691300100024,։,,0691300100027,R,,,,,,,,,,,,,,,,,,,,,,,,51354492,,,,~,
2025/06/06 16:00,ԉJ,0716900100073,,s,ߋE,Rǐ,|c,Ogy؎,,,2205100100007,k{,,0716900100144,X,,0716900100072,,,,,,,,,,,,,,,,,,,,,,,,,52356140,,,,~,
2025/06/06 19:00,ԉJ,0665700100081,,e,ߋE,Rǐ,,s{Oy؎,,,2205100100004,R,,0665700100034,싴,,2205100100008,],,,,,,,,,,,,,,,,,,,,,,,,52356227,,,,I,
2025/06/06 19:00,ԉJ,2206900100007,106031286607180,ꔨ,ߋE,a,ΐ,a͐쎖,͐,,0691300100023,ꔨ_,,0691300100024,։,,0691300100027,R,,,,,,,,,,,,,,,,,,,,,,,,51354492,,,,I,
2025/06/06 20:00,ԉJ,0640100100088,,B|,ߋE,,,ؔV{y؎,,,0460900100064,Dc,,0640100100085,s,,0640100100083,Y,,,,,,,,,,,,,,,,,,,,,,,,53362161,,,,I,
2025/06/06 20:00,ԉJ,0716900100073,,s,ߋE,Rǐ,|c,Ogy؎,,,2205100100007,k{,,0716900100144,X,,0716900100072,,,,,,,,,,,,,,,,,,,,,,,,,52356140,,,,I,
2025/06/06 20:00,ԉJ,2209900100004,106071286619040,ΓO,ߋE,㓪,ΓO,㓪_Ǘ,͐,,0537700100021,ΓO,,0460900100082,O,,2209900100001,,,,,,,,,,,,,,,,,,,,,,,,,53367671,,,,~,
2025/06/06 22:00,ԉJ,0665700100003,,匴,ߋE,,,s{sy؎,,,2206800100016,b,,0665700100007,MD,,0640100100009,r,,,,,,,,,,,,,,,,,,,,,,,,52355635,,,,~,
2025/06/07 00:00,ԉJ,0614500100161,,_,ߋE,V{,̑,F쌚ݎ,,,0768100100159,F,,0614500100167,,,0614500100164,琶,,,,,,,,,,,,,,,,,,,,,,,,50367030,,,,~,
2025/06/07 10:00,ԉJ,0640100100096,,j,ߋE,,j,y؎,,,2209700100021,㍪,,0640100100100,,,2203900100016,Ȑi@\j,,,,,,,,,,,,,,,,,,,,,,,,53350634,,,,~,
2025/06/07 12:00,ԉJ,0665700100070,,,ߋE,Rǐ,,_Ǘ,,,0665700100086,Øa,,0665700100069,,,0460900100027,xz,,,,,,,,,,,,,,,,,,,,,,,,53350421,,,,~,
2025/06/07 14:00,ԉJ,0614500100161,,_,ߋE,V{,̑,F쌚ݎ,,,0768100100159,F,,0614500100167,,,0614500100164,琶,,,,,,,,,,,,,,,,,,,,,,,,50367030,,,,~,
2025/06/07 14:00,ԉJ,0640100100088,,B|,ߋE,,,ؔV{y؎,,,0460900100064,Dc,,0640100100085,s,,0640100100083,Y,,,,,,,,,,,,,,,,,,,,,,,,53362161,,,,~,
2025/06/07 15:00,ԉJ,0640100100086,,,ߋE,,,ؔV{y؎,,,0640100100082,,,0640100100085,s,,0640100100129,H,,,,,,,,,,,,,,,,,,,,,,,,53363118,,,,~,
2025/06/07 16:00,ԉJ,0640100100083,,Y,ߋE,,Y,ؔV{y؎,,,0640100100097,,,0640100100088,B|,,2203900100007,}Lm,,,,,,,,,,,,,,,,,,,,,,,,53361099,,,,~,
2025/06/07 18:00,ԉJ,0716900100196,,A_,ߋE,~R,J,Ly؎,,,0716900100130,R,,2206400100007,c,,0716900100131,v,,,,,,,,,,,,,,,,,,,,,,,,53351080,,,,~,
2025/06/07 21:00,ԉJ,0614500100161,,_,ߋE,V{,̑,F쌚ݎ,,,0768100100159,F,,0614500100167,,,0614500100164,琶,,,,,,,,,,,,,,,,,,,,,,,,50367030,,,,~,
2025/06/07 22:00,ԉJ,0640100100086,,,ߋE,,,ؔV{y؎,,,0640100100082,,,0640100100085,s,,0640100100129,H,,,,,,,,,,,,,,,,,,,,,,,,53363118,,,,I,
2025/06/07 22:00,ԉJ,0665700100046,,_,ߋE,Rǐ,Rǐ,Oy؎,,,2205100100020,g,,2205100100002,,,0665700100047,]R,,,,,,,,,,,,,,,,,,,,,,,,53350164,,,,~,
2025/06/08 05:00,ԉJ,0665700100046,,_,ߋE,Rǐ,Rǐ,Oy؎,,,2205100100020,g,,2205100100002,,,0665700100047,]R,,,,,,,,,,,,,,,,,,,,,,,,53350164,,,,~,
2025/06/08 07:00,ԉJ,2209900100006,106071286619010,r,ߋE,㓪,㓪,㓪_Ǘ,͐,,0460900100011,zy,,2209900100013,,,0460900100084,y_,,,,,,,,,,,,,,,,,,,,,,,,54360420,,,,~,
2025/06/08 14:00,ԉJ,0640100100096,,j,ߋE,,j,y؎,,,2209700100021,㍪,,0640100100100,,,2203900100016,Ȑi@\j,,,,,,,,,,,,,,,,,,,,,,,,53350634,,,,~,
2025/06/08 14:00,ԉJ,0665700100070,,,ߋE,Rǐ,,_Ǘ,,,0665700100086,Øa,,0665700100069,,,0460900100027,xz,,,,,,,,,,,,,,,,,,,,,,,,53350421,,,,~,
2025/06/08 18:00,ԉJ,0640100100096,,j,ߋE,,j,y؎,,,2209700100021,㍪,,0640100100100,,,2203900100016,Ȑi@\j,,,,,,,,,,,,,,,,,,,,,,,,53350634,,,,I,
2025/06/08 18:00,ԉJ,0665700100070,,,ߋE,Rǐ,,_Ǘ,,,0665700100086,Øa,,0665700100069,,,0460900100027,xz,,,,,,,,,,,,,,,,,,,,,,,,53350421,,,,I,
2025/06/09 00:00,ԉJ,0665700100046,,_,ߋE,Rǐ,Rǐ,Oy؎,,,2205100100020,g,,2205100100002,,,0665700100047,]R,,,,,,,,,,,,,,,,,,,,,,,,53350164,,,,I,
2025/06/09 01:00,ԉJ,0614500100161,,_,ߋE,V{,̑,F쌚ݎ,,,0768100100159,F,,0614500100167,,,0614500100164,琶,,,,,,,,,,,,,,,,,,,,,,,,50367030,,,,~,
2025/06/09 06:00,ԉJ,0665700100100,,c,ߋE,ߋȆ,|,Oy؎,,,0665700100063,F,,0665700100059,R,,0665700100062,Ԗ싴,,,,,,,,,,,,,,,,,,,,,,,,53354038,,,,~,
2025/06/09 10:00,ԉJ,0640100100096,,j,ߋE,,j,y؎,,,2209700100021,㍪,,0640100100100,,,2203900100016,Ȑi@\j,,,,,,,,,,,,,,,,,,,,,,,,53350634,,,,~,
2025/06/09 10:00,ԉJ,0665700100100,,c,ߋE,ߋȆ,|,Oy؎,,,0665700100063,F,,0665700100059,R,,0665700100062,Ԗ싴,,,,,,,,,,,,,,,,,,,,,,,,53354038,,,,I,
2025/06/09 12:00,ԉJ,0716900100073,,s,ߋE,Rǐ,|c,Ogy؎,,,2205100100007,k{,,0716900100144,X,,0716900100072,,,,,,,,,,,,,,,,,,,,,,,,,52356140,,,,~,
2025/06/09 15:00,ԉJ,0742500100009,,R,ߋE,a,,cy؎,,,0742500100120,kE,,2206900100004,,,2206900100014,|,,,,,,,,,,,,,,,,,,,,,,,,51355544,,,,~,
2025/06/09 21:00,ԉJ,0716900100172,,,ߋE,,,˓y؎,,,2207000100002,哇2,,0716900100173,k,,0716900100179,,,,,,,,,,,,,,,,,,,,,,,,,52353255,,,,~,
2025/06/09 21:00,ԉJ,0716900100174,,匴,ߋE,ɐ,g,˓y؎,,,0716900100179,,,0716900100173,k,,0716900100172,,,,,,,,,,,,,,,,,,,,,,,,,52352293,,,,~,
2025/06/09 21:00,ԉJ,0716900100175,,,ߋE,,,˓y؎,,,2207000100006,Ɂi@\j,,2207000100003,c,,2207000100007,i@\j,,,,,,,,,,,,,,,,,,,,,,,,52352391,,,,~,
2025/06/09 21:00,ԉJ,0716900100179,,,ߋE,ɐ,H,˓y؎,,,0716900100174,匴,,0716900100176,Oc,,0716900100172,,,,,,,,,,,,,,,,,,,,,,,,,52353231,,,,~,
2025/06/10 00:00,ԉJ,0716900100173,,k,ߋE,,,˓y؎,,,0716900100172,,,2207000100003,c,,2207000100002,哇2,,,,,,,,,,,,,,,,,,,,,,,,52353227,,,,~,
2025/06/10 01:00,ԉJ,0716900100172,,,ߋE,,,˓y؎,,,2207000100002,哇2,,0716900100173,k,,0716900100179,,,,,,,,,,,,,,,,,,,,,,,,,52353255,,,,I,
2025/06/10 01:00,ԉJ,0716900100174,,匴,ߋE,ɐ,g,˓y؎,,,0716900100179,,,0716900100173,k,,0716900100172,,,,,,,,,,,,,,,,,,,,,,,,,52352293,,,,I,
2025/06/10 01:00,ԉJ,0716900100179,,,ߋE,ɐ,H,˓y؎,,,0716900100174,匴,,0716900100176,Oc,,0716900100172,,,,,,,,,,,,,,,,,,,,,,,,,52353231,,,,I,
2025/06/10 02:00,ԉJ,0665700100046,,_,ߋE,Rǐ,Rǐ,Oy؎,,,2205100100020,g,,2205100100002,,,0665700100047,]R,,,,,,,,,,,,,,,,,,,,,,,,53350164,,,,~,
2025/06/10 03:00,ԉJ,2209900100006,106071286619010,r,ߋE,㓪,㓪,㓪_Ǘ,͐,,0460900100011,zy,,2209900100013,,,0460900100084,y_,,,,,,,,,,,,,,,,,,,,,,,,54360420,,,,~,
2025/06/10 08:00,ԉJ,0716900100173,,k,ߋE,,,˓y؎,,,0716900100172,,,2207000100003,c,,2207000100002,哇2,,,,,,,,,,,,,,,,,,,,,,,,52353227,,,,~,
2025/06/10 08:00,ԉJ,0716900100175,,,ߋE,,,˓y؎,,,2207000100006,Ɂi@\j,,2207000100003,c,,2207000100007,i@\j,,,,,,,,,,,,,,,,,,,,,,,,52352391,,,,~,
2025/06/10 08:00,ԉJ,0716900100179,,,ߋE,ɐ,H,˓y؎,,,0716900100174,匴,,0716900100176,Oc,,0716900100172,,,,,,,,,,,,,,,,,,,,,,,,,52353231,,,,~,
2025/06/10 09:00,ԉJ,0716900100172,,,ߋE,,,˓y؎,,,2207000100002,哇2,,0716900100173,k,,0716900100179,,,,,,,,,,,,,,,,,,,,,,,,,52353255,,,,~,
2025/06/10 11:00,ԉJ,2209900100006,106071286619010,r,ߋE,㓪,㓪,㓪_Ǘ,͐,,0460900100011,zy,,2209900100013,,,0460900100084,y_,,,,,,,,,,,,,,,,,,,,,,,,54360420,,,,~,
2025/06/10 12:00,ԉJ,2207700100010,106021286622070,Vg,ߋE,I̐,I̐,I̐_Ǘ,͐,,0742500100021,,,2207700100013,,,0742500100146,kac,,,,,,,,,,,,,,,,,,,,,,,,51363004,,,,~,
2025/06/10 13:00,ԉJ,0716900100172,,,ߋE,,,˓y؎,,,2207000100002,哇2,,0716900100173,k,,0716900100179,,,,,,,,,,,,,,,,,,,,,,,,,52353255,,,,I,
2025/06/10 14:00,ԉJ,0742500100009,,R,ߋE,a,,cy؎,,,0742500100120,kE,,2206900100004,,,2206900100014,|,,,,,,,,,,,,,,,,,,,,,,,,51355544,,,,~,
2025/06/10 14:00,ԉJ,2203900100016,106041900000090,Ȑi@\j,ߋE,,ܐ,@\@iΑǗ,@\,,0640100100100,,,0640100100008,,,0640100100094,Ko[,,,,,,,,,,,,,,,,,,,,,,,,52357740,,,,~,
2025/06/10 21:00,ԉJ,2207700100010,106021286622070,Vg,ߋE,I̐,I̐,I̐_Ǘ,͐,,0742500100021,,,2207700100013,,,0742500100146,kac,,,,,,,,,,,,,,,,,,,,,,,,51363004,,,,~,
2025/06/11 00:20,POJ,0640100100065,,,ߋE,,,ߍ]y؎,,0.0,0640100100059,,21.0,0640100100069,,3.0,0640100100067,,28.0,,,,,,,,,,,,,,,,,,,,,,16.1,52365262,14.6,~,,,
2025/06/11 02:00,POJ,0768100100078,,,ߋE,,,a̎RU,,2.0,0768100100062,,15.0,0768100100079,O\,27.0,0768100100070,얔,15.0,,,,,,,,,,,,,,,,,,,,,,18.7,50357214,20.2,~,,,
2025/06/11 02:00,ԉJ,2209900100006,106071286619010,r,ߋE,㓪,㓪,㓪_Ǘ,͐,,0460900100011,zy,,2209900100013,,,0460900100084,y_,,,,,,,,,,,,,,,,,,,,,,,,54360420,,,,~,
2025/06/11 02:40,POJ,0768100100078,,,ߋE,,,a̎RU,,2.0,0768100100062,,17.0,0768100100079,O\,30.0,0768100100070,얔,30.0,,,,,,,,,,,,,,,,,,,,,,24.8,50357214,33.8,~,,,
2025/06/11 02:50,POJ,0768100100078,,,ߋE,,,a̎RU,,3.0,0768100100062,,17.0,0768100100079,O\,34.0,0768100100070,얔,30.0,,,,,,,,,,,,,,,,,,,,,,26.1,50357214,35.7,~,,,Z
2025/06/11 03:00,POJ,0768100100078,,,ߋE,,,a̎RU,,3.0,0768100100062,,19.0,0768100100079,O\,35.0,0768100100070,얔,30.0,,,,,,,,,,,,,,,,,,,,,,27.2,50357214,36.3,~,,,Z
2025/06/11 03:10,POJ,0768100100078,,,ߋE,,,a̎RU,,4.0,0768100100062,,19.0,0768100100079,O\,36.0,0768100100070,얔,35.0,,,,,,,,,,,,,,,,,,,,,,29.0,50357214,37.9,~,,,Z
2025/06/11 03:20,POJ,0768100100078,,,ߋE,,,a̎RU,,5.0,0768100100062,,19.0,0768100100079,O\,37.0,0768100100070,얔,35.0,,,,,,,,,,,,,,,,,,,,,,29.3,50357214,39.4,~,,,Z
2025/06/11 03:30,POJ,0768100100078,,,ߋE,,,a̎RU,,6.0,0768100100062,,19.0,0768100100079,O\,43.0,0768100100070,얔,36.0,,,,,,,,,,,,,,,,,,,,,,31.4,50357214,41.0,~,,,Z
2025/06/11 03:40,POJ,0768100100078,,,ߋE,,,a̎RU,,7.0,0768100100062,,20.0,0768100100079,O\,48.0,0768100100070,얔,38.0,,,,,,,,,,,,,,,,,,,,,,33.9,50357214,42.2,~,,,Z
2025/06/11 03:50,POJ,0768100100078,,,ߋE,,,a̎RU,,7.0,0768100100062,,20.0,0768100100079,O\,56.0,0768100100070,얔,39.0,,,,,,,,,,,,,,,,,,,,,,36.6,50357214,44.4,~,,,Z
2025/06/11 04:00,POJ,0768100100078,,,ߋE,,,a̎RU,,9.0,0768100100062,,20.0,0768100100079,O\,63.0,0768100100070,얔,40.0,,,,,,,,,,,,,,,,,,,,,,39.1,50357214,48.4,~,,,Z
2025/06/11 10:30,POJ,0768100100062,,,ߋE,,,a̎RU,,19.0,0768100100078,,3.0,0768100100079,O\,2.0,0768100100143,,2.0,,,,,,,,,,,,,,,,,,,,,,2.3,50357253,2.6,~,,,
2025/06/11 10:40,POJ,0768100100062,,,ߋE,,,a̎RU,,19.0,0768100100078,,2.0,0768100100079,O\,1.0,0768100100143,,1.0,,,,,,,,,,,,,,,,,,,,,,1.3,50357253,2.2,~,,,Z
2025/06/11 12:00,ԉJ,0716900100172,,,ߋE,,,˓y؎,,,2207000100002,哇2,,0716900100173,k,,0716900100179,,,,,,,,,,,,,,,,,,,,,,,,,52353255,,,,~,
2025/06/11 12:00,ԉJ,0716900100173,,k,ߋE,,,˓y؎,,,0716900100172,,,2207000100003,c,,2207000100002,哇2,,,,,,,,,,,,,,,,,,,,,,,,52353227,,,,~,
2025/06/11 12:00,ԉJ,0716900100179,,,ߋE,ɐ,H,˓y؎,,,0716900100174,匴,,0716900100176,Oc,,0716900100172,,,,,,,,,,,,,,,,,,,,,,,,,52353231,,,,~,
2025/06/11 13:00,ԉJ,0742500100009,,R,ߋE,a,,cy؎,,,0742500100120,kE,,2206900100004,,,2206900100014,|,,,,,,,,,,,,,,,,,,,,,,,,51355544,,,,~,
2025/06/11 17:00,ԉJ,2203900100016,106041900000090,Ȑi@\j,ߋE,,ܐ,@\@iΑǗ,@\,,0640100100100,,,0640100100008,,,0640100100094,Ko[,,,,,,,,,,,,,,,,,,,,,,,,52357740,,,,~,
2025/06/11 20:00,ԉJ,0716900100172,,,ߋE,,,˓y؎,,,2207000100002,哇2,,0716900100173,k,,0716900100179,,,,,,,,,,,,,,,,,,,,,,,,,52353255,,,,I,
2025/06/11 20:00,ԉJ,0716900100173,,k,ߋE,,,˓y؎,,,0716900100172,,,2207000100003,c,,2207000100002,哇2,,,,,,,,,,,,,,,,,,,,,,,,52353227,,,,I,
2025/06/11 20:00,ԉJ,0716900100179,,,ߋE,ɐ,H,˓y؎,,,0716900100174,匴,,0716900100176,Oc,,0716900100172,,,,,,,,,,,,,,,,,,,,,,,,,52353231,,,,I,
2025/06/12 00:00,ԉJ,0614500100161,,_,ߋE,V{,̑,F쌚ݎ,,,0768100100159,F,,0614500100167,,,0614500100164,琶,,,,,,,,,,,,,,,,,,,,,,,,50367030,,,,~,
2025/06/12 00:00,ԉJ,0640100100031,,,ߋE,,F,by؎,,,2203900100011,͌,,0640100100032,͌,,0640100100024,y,,,,,,,,,,,,,,,,,,,,,,,,52363246,,,,~,
2025/06/12 10:00,ԉJ,0640100100096,,j,ߋE,,j,y؎,,,2209700100021,㍪,,0640100100100,,,2203900100016,Ȑi@\j,,,,,,,,,,,,,,,,,,,,,,,,53350634,,,,~,
2025/06/12 10:00,ԉJ,2206900100016,106031286607270,,ߋE,a,c,a͐쎖,͐,,0691300100040,,,0742500100006,,,0691300100015,c,,,,,,,,,,,,,,,,,,,,,,,,52350525,,,,~,
2025/06/12 12:00,ԉJ,0640100100008,,,ߋE,,ܐ,Óy؎,,,2203900100016,Ȑi@\j,,0640100100013,ŌR,,0640100100011,߉ރx,,,,,,,,,,,,,,,,,,,,,,,,52356699,,,,~,
2025/06/12 12:00,ԉJ,0640100100095,,s,ߋE,,ܐ,y؎,,,2203900100010,s,,0640100100100,,,0640100100130,É,,,,,,,,,,,,,,,,,,,,,,,,53350723,,,,~,
2025/06/12 12:00,ԉJ,0640100100100,,,ߋE,,ܐ,y؎,,,2203900100016,Ȑi@\j,,0640100100095,s,,0640100100094,Ko[,,,,,,,,,,,,,,,,,,,,,,,,52357771,,,,~,
2025/06/12 14:00,ԉJ,2206900100016,106031286607270,,ߋE,a,c,a͐쎖,͐,,0691300100040,,,0742500100006,,,0691300100015,c,,,,,,,,,,,,,,,,,,,,,,,,52350525,,,,I,
2025/06/12 16:00,ԉJ,0640100100095,,s,ߋE,,ܐ,y؎,,,2203900100010,s,,0640100100100,,,0640100100130,É,,,,,,,,,,,,,,,,,,,,,,,,53350723,,,,I,
2025/06/12 17:00,ԉJ,0665700100070,,,ߋE,Rǐ,,_Ǘ,,,0665700100086,Øa,,0665700100069,,,0460900100027,xz,,,,,,,,,,,,,,,,,,,,,,,,53350421,,,,~,
2025/06/13 00:00,ԉJ,0614500100161,,_,ߋE,V{,̑,F쌚ݎ,,,0768100100159,F,,0614500100167,,,0614500100164,琶,,,,,,,,,,,,,,,,,,,,,,,,50367030,,,,~,
2025/06/13 01:00,ԉJ,0640100100008,,,ߋE,,ܐ,Óy؎,,,2203900100016,Ȑi@\j,,0640100100013,ŌR,,0640100100011,߉ރx,,,,,,,,,,,,,,,,,,,,,,,,52356699,,,,~,
2025/06/13 02:00,ԉJ,2203900100016,106041900000090,Ȑi@\j,ߋE,,ܐ,@\@iΑǗ,@\,,0640100100100,,,0640100100008,,,0640100100094,Ko[,,,,,,,,,,,,,,,,,,,,,,,,52357740,,,,~,
2025/06/13 03:00,ԉJ,2209900100006,106071286619010,r,ߋE,㓪,㓪,㓪_Ǘ,͐,,0460900100011,zy,,2209900100013,,,0460900100084,y_,,,,,,,,,,,,,,,,,,,,,,,,54360420,,,,~,
2025/06/13 11:00,ԉJ,0640100100096,,j,ߋE,,j,y؎,,,2209700100021,㍪,,0640100100100,,,2203900100016,Ȑi@\j,,,,,,,,,,,,,,,,,,,,,,,,53350634,,,,~,
2025/06/13 11:00,ԉJ,0640100100100,,,ߋE,,ܐ,y؎,,,2203900100016,Ȑi@\j,,0640100100095,s,,0640100100094,Ko[,,,,,,,,,,,,,,,,,,,,,,,,52357771,,,,~,
2025/06/13 11:00,ԉJ,0665700100046,,_,ߋE,Rǐ,Rǐ,Oy؎,,,2205100100020,g,,2205100100002,,,0665700100047,]R,,,,,,,,,,,,,,,,,,,,,,,,53350164,,,,~,
2025/06/13 11:00,ԉJ,2206700100005,106041286618030,R,ߋE,,j,_Ǘ,͐,,0665700100026,R,,2206700100053,ז,,2206700100055,F,,,,,,,,,,,,,,,,,,,,,,,,52355590,,,,~,
2025/06/13 13:00,ԉJ,0665700100070,,,ߋE,Rǐ,,_Ǘ,,,0665700100086,Øa,,0665700100069,,,0460900100027,xz,,,,,,,,,,,,,,,,,,,,,,,,53350421,,,,~,
2025/06/13 14:00,ԉJ,0460900100092,,͓_,ߋE,k,k,ly؎,,,0460900100073,s,,2209900100009,F,,0640100100098,ۍ,,,,,,,,,,,,,,,,,,,,,,,,53351711,,,,~,
2025/06/13 15:00,ԉJ,0640100100126,,ˌ,ߋE,,,ߍ]y؎,,,0640100100018,F,,0640100100038,,,0640100100044,,,,,,,,,,,,,,,,,,,,,,,,,52365026,,,,~,
2025/06/13 16:00,ԉJ,0614500100161,,_,ߋE,V{,̑,F쌚ݎ,,,0768100100159,F,,0614500100167,,,0614500100164,琶,,,,,,,,,,,,,,,,,,,,,,,,50367030,,,,~,
2025/06/13 16:00,ԉJ,2206700100050,,n,ߋE,,j,@\@jE_Ǘ,@\,,0665700100024,Ԕw,,2206700100009,q,,0665700100025,㍕c,,,,,,,,,,,,,,,,,,,,,,,,52356681,,,,~,
2025/06/13 17:00,ԉJ,0665700100100,,c,ߋE,ߋȆ,|,Oy؎,,,0665700100063,F,,0665700100059,R,,0665700100062,Ԗ싴,,,,,,,,,,,,,,,,,,,,,,,,53354038,,,,~,
2025/06/13 20:00,ԉJ,0614500100161,,_,ߋE,V{,̑,F쌚ݎ,,,0768100100159,F,,0614500100167,,,0614500100164,琶,,,,,,,,,,,,,,,,,,,,,,,,50367030,,,,I,
2025/06/13 22:00,ԉJ,0640100100126,,ˌ,ߋE,,,ߍ]y؎,,,0640100100018,F,,0640100100038,,,0640100100044,,,,,,,,,,,,,,,,,,,,,,,,,52365026,,,,I,
2025/06/14 08:00,ԉJ,0742500100026,,哃,ߋE,V{,F,ܞy؎,,,2207700100008,J,,0742500100173,F,,0742500100159,ĎR,,,,,,,,,,,,,,,,,,,,,,,,51352600,,,,~,
2025/06/14 12:00,ԉJ,0742500100026,,哃,ߋE,V{,F,ܞy؎,,,2207700100008,J,,0742500100173,F,,0742500100159,ĎR,,,,,,,,,,,,,,,,,,,,,,,,51352600,,,,I,
2025/06/14 14:00,ԉJ,2209900100006,106071286619010,r,ߋE,㓪,㓪,㓪_Ǘ,͐,,0460900100011,zy,,2209900100013,,,0460900100084,y_,,,,,,,,,,,,,,,,,,,,,,,,54360420,,,,~,
2025/06/14 14:00,ԉJ,2209900100007,106071286619020,Ŕg,ߋE,㓪,Ŕg,㓪_Ǘ,͐,,0460900100082,O,,2209900100016,,,0460900100042,,,,,,,,,,,,,,,,,,,,,,,,,54360523,,,,~,
2025/06/14 17:00,ԉJ,0716900100001,,L,ߋE,ɐ,L,_˓y؎,,,2205700100014,R,,2205700100004,Ln,,2205700100002,_,,,,,,,,,,,,,,,,,,,,,,,,52351157,,,,~,
2025/06/14 17:00,ԉJ,0716900100009,,c,ߋE,ɐ,ɐ,˓y؎,,,0716900100166,,,2205700100010,݂Ku,,0716900100170,,,,,,,,,,,,,,,,,,,,,,,,,52352224,,,,~,
2025/06/14 17:00,ԉJ,0716900100090,,c@,ߋE,,,˓y؎,,,2207000100006,Ɂi@\j,,0716900100175,,,2207000100003,c,,,,,,,,,,,,,,,,,,,,,,,,52352331,,,,~,
2025/06/14 17:00,ԉJ,0716900100172,,,ߋE,,,˓y؎,,,2207000100002,哇2,,0716900100173,k,,0716900100179,,,,,,,,,,,,,,,,,,,,,,,,,52353255,,,,~,
2025/06/14 17:00,ԉJ,0716900100173,,k,ߋE,,,˓y؎,,,0716900100172,,,2207000100003,c,,2207000100002,哇2,,,,,,,,,,,,,,,,,,,,,,,,52353227,,,,~,
2025/06/14 17:00,ԉJ,0716900100174,,匴,ߋE,ɐ,g,˓y؎,,,0716900100179,,,0716900100173,k,,0716900100172,,,,,,,,,,,,,,,,,,,,,,,,,52352293,,,,~,
2025/06/14 17:00,ԉJ,0716900100175,,,ߋE,,,˓y؎,,,2207000100006,Ɂi@\j,,2207000100003,c,,2207000100007,i@\j,,,,,,,,,,,,,,,,,,,,,,,,52352391,,,,~,
2025/06/14 17:00,ԉJ,0716900100179,,,ߋE,ɐ,H,˓y؎,,,0716900100174,匴,,0716900100176,Oc,,0716900100172,,,,,,,,,,,,,,,,,,,,,,,,,52353231,,,,~,
2025/06/14 17:00,ԉJ,2203900100016,106041900000090,Ȑi@\j,ߋE,,ܐ,@\@iΑǗ,@\,,0640100100100,,,0640100100008,,,0640100100094,Ko[,,,,,,,,,,,,,,,,,,,,,,,,52357740,,,,~,
2025/06/14 19:00,ԉJ,2207700100010,106021286622070,Vg,ߋE,I̐,I̐,I̐_Ǘ,͐,,0742500100021,,,2207700100013,,,0742500100146,kac,,,,,,,,,,,,,,,,,,,,,,,,51363004,,,,~,
2025/06/14 22:00,ԉJ,2209900100006,106071286619010,r,ߋE,㓪,㓪,㓪_Ǘ,͐,,0460900100011,zy,,2209900100013,,,0460900100084,y_,,,,,,,,,,,,,,,,,,,,,,,,54360420,,,,~,
2025/06/15 02:00,ԉJ,0614500100161,,_,ߋE,V{,̑,F쌚ݎ,,,0768100100159,F,,0614500100167,,,0614500100164,琶,,,,,,,,,,,,,,,,,,,,,,,,50367030,,,,~,
2025/06/15 02:10,POJ,0768100100181,,|@t,ߋE,V{,哃,a̎RKU,,2.0,0768100100182,쒆,22.0,0768100100170,吙,25.0,0768100100119,Ð,10.0,,,,,,,,,,,,,,,,,,,,,,19.4,50355554,21.4,~,,,
2025/06/15 03:10,POJ,0768100100181,,|@t,ߋE,V{,哃,a̎RKU,,3.0,0768100100182,쒆,24.0,0768100100170,吙,32.0,0768100100119,Ð,13.0,,,,,,,,,,,,,,,,,,,,,,23.2,50355554,24.4,~,,,
2025/06/15 06:00,ԉJ,0460900100019,,c,ߋE,㓪,,LEJ_Ǘ,,,0460900100050,r,,2203900100006,͓,,0460900100085,J_,,,,,,,,,,,,,,,,,,,,,,,,53364252,,,,~,
2025/06/15 06:00,ԉJ,0460900100085,,J_,ߋE,㓪,J,LEJ_Ǘ,,,0460900100050,r,,2209700100007,,,0460900100019,c,,,,,,,,,,,,,,,,,,,,,,,,53364199,,,,~,
2025/06/15 06:00,ԉJ,0614500100161,,_,ߋE,V{,̑,F쌚ݎ,,,0768100100159,F,,0614500100167,,,0614500100164,琶,,,,,,,,,,,,,,,,,,,,,,,,50367030,,,,I,
2025/06/15 13:00,ԉJ,0742500100021,,,ߋE,I̐,I̐,gy؎,,,2207700100009,䃖,,2207700100010,Vg,,2207700100013,,,,,,,,,,,,,,,,,,,,,,,,,51362070,,,,~,
2025/06/15 15:00,ԉJ,2203900100016,106041900000090,Ȑi@\j,ߋE,,ܐ,@\@iΑǗ,@\,,0640100100100,,,0640100100008,,,0640100100094,Ko[,,,,,,,,,,,,,,,,,,,,,,,,52357740,,,,~,
2025/06/15 16:00,ԉJ,0614500100161,,_,ߋE,V{,̑,F쌚ݎ,,,0768100100159,F,,0614500100167,,,0614500100164,琶,,,,,,,,,,,,,,,,,,,,,,,,50367030,,,,~,
2025/06/15 22:00,ԉJ,0716900100001,,L,ߋE,ɐ,L,_˓y؎,,,2205700100014,R,,2205700100004,Ln,,2205700100002,_,,,,,,,,,,,,,,,,,,,,,,,,52351157,,,,~,
2025/06/15 22:00,ԉJ,0716900100009,,c,ߋE,ɐ,ɐ,˓y؎,,,0716900100166,,,2205700100010,݂Ku,,0716900100170,,,,,,,,,,,,,,,,,,,,,,,,,52352224,,,,~,
2025/06/15 22:00,ԉJ,0716900100090,,c@,ߋE,,,˓y؎,,,2207000100006,Ɂi@\j,,0716900100175,,,2207000100003,c,,,,,,,,,,,,,,,,,,,,,,,,52352331,,,,~,
2025/06/15 22:00,ԉJ,0716900100172,,,ߋE,,,˓y؎,,,2207000100002,哇2,,0716900100173,k,,0716900100179,,,,,,,,,,,,,,,,,,,,,,,,,52353255,,,,~,
2025/06/15 22:00,ԉJ,0716900100173,,k,ߋE,,,˓y؎,,,0716900100172,,,2207000100003,c,,2207000100002,哇2,,,,,,,,,,,,,,,,,,,,,,,,52353227,,,,~,
2025/06/15 22:00,ԉJ,0716900100174,,匴,ߋE,ɐ,g,˓y؎,,,0716900100179,,,0716900100173,k,,0716900100172,,,,,,,,,,,,,,,,,,,,,,,,,52352293,,,,~,
2025/06/15 22:00,ԉJ,0716900100175,,,ߋE,,,˓y؎,,,2207000100006,Ɂi@\j,,2207000100003,c,,2207000100007,i@\j,,,,,,,,,,,,,,,,,,,,,,,,52352391,,,,~,
2025/06/15 22:00,ԉJ,0716900100179,,,ߋE,ɐ,H,˓y؎,,,0716900100174,匴,,0716900100176,Oc,,0716900100172,,,,,,,,,,,,,,,,,,,,,,,,,52353231,,,,~,
2025/06/15 23:00,ԉJ,2203900100016,106041900000090,Ȑi@\j,ߋE,,ܐ,@\@iΑǗ,@\,,0640100100100,,,0640100100008,,,0640100100094,Ko[,,,,,,,,,,,,,,,,,,,,,,,,52357740,,,,~,
2025/06/16 09:00,ԉJ,2209900100007,106071286619020,Ŕg,ߋE,㓪,Ŕg,㓪_Ǘ,͐,,0460900100082,O,,2209900100016,,,0460900100042,,,,,,,,,,,,,,,,,,,,,,,,,54360523,,,,~,
2025/06/16 10:00,ԉJ,2203900100016,106041900000090,Ȑi@\j,ߋE,,ܐ,@\@iΑǗ,@\,,0640100100100,,,0640100100008,,,0640100100094,Ko[,,,,,,,,,,,,,,,,,,,,,,,,52357740,,,,~,
2025/06/16 10:00,ԉJ,2209900100006,106071286619010,r,ߋE,㓪,㓪,㓪_Ǘ,͐,,0460900100011,zy,,2209900100013,,,0460900100084,y_,,,,,,,,,,,,,,,,,,,,,,,,54360420,,,,~,
2025/06/16 11:00,ԉJ,2207700100010,106021286622070,Vg,ߋE,I̐,I̐,I̐_Ǘ,͐,,0742500100021,,,2207700100013,,,0742500100146,kac,,,,,,,,,,,,,,,,,,,,,,,,51363004,,,,~,
2025/06/16 11:00,ԉJ,2207700100011,106021286622050,,ߋE,I̐,,I̐_Ǘ,͐,,0742500100145,,,0742500100146,kac,,2207700100013,,,,,,,,,,,,,,,,,,,,,,,,,51363071,,,,~,
2025/06/16 14:00,ԉJ,2209900100006,106071286619010,r,ߋE,㓪,㓪,㓪_Ǘ,͐,,0460900100011,zy,,2209900100013,,,0460900100084,y_,,,,,,,,,,,,,,,,,,,,,,,,54360420,,,,I,
2025/06/16 15:00,ԉJ,2207700100010,106021286622070,Vg,ߋE,I̐,I̐,I̐_Ǘ,͐,,0742500100021,,,2207700100013,,,0742500100146,kac,,,,,,,,,,,,,,,,,,,,,,,,51363004,,,,I,
2025/06/16 15:00,ԉJ,2207700100011,106021286622050,,ߋE,I̐,,I̐_Ǘ,͐,,0742500100145,,,0742500100146,kac,,2207700100013,,,,,,,,,,,,,,,,,,,,,,,,,51363071,,,,I,
2025/06/16 17:00,ԉJ,0742500100033,,v,ߋE,a,a,ay؎,,,0742500100013,},,0742500100108,a,,0742500100032,,,,,,,,,,,,,,,,,,,,,,,,,51356783,,,,~,
2025/06/16 18:00,ԉJ,0640100100054,,gJ,ߋE,,m,i_Ǘ,,,0640100100043,,,0640100100058,唋,,0640100100066,Sώ,,,,,,,,,,,,,,,,,,,,,,,,52365259,,,,~,
2025/06/16 18:00,ԉJ,0640100100055,,N,ߋE,,m,i_Ǘ,,,0640100100054,gJ,,0640100100051,Ξ,,0640100100061,N,,,,,,,,,,,,,,,,,,,,,,,,52365382,,,,~,
2025/06/16 18:00,ԉJ,0640100100086,,,ߋE,,,ؔV{y؎,,,0640100100082,,,0640100100085,s,,0640100100129,H,,,,,,,,,,,,,,,,,,,,,,,,53363118,,,,~,
2025/06/16 18:00,ԉJ,0640100100096,,j,ߋE,,j,y؎,,,2209700100021,㍪,,0640100100100,,,2203900100016,Ȑi@\j,,,,,,,,,,,,,,,,,,,,,,,,53350634,,,,~,
2025/06/16 18:00,ԉJ,0665700100070,,,ߋE,Rǐ,,_Ǘ,,,0665700100086,Øa,,0665700100069,,,0460900100027,xz,,,,,,,,,,,,,,,,,,,,,,,,53350421,,,,~,
2025/06/16 21:00,ԉJ,0614500100161,,_,ߋE,V{,̑,F쌚ݎ,,,0768100100159,F,,0614500100167,,,0614500100164,琶,,,,,,,,,,,,,,,,,,,,,,,,50367030,,,,~,
2025/06/16 22:00,ԉJ,0640100100054,,gJ,ߋE,,m,i_Ǘ,,,0640100100043,,,0640100100058,唋,,0640100100066,Sώ,,,,,,,,,,,,,,,,,,,,,,,,52365259,,,,I,
2025/06/16 22:00,ԉJ,2207700100013,106021286622060,,ߋE,I̐,I̐,I̐_Ǘ,͐,,0742500100146,kac,,2207700100011,,,0742500100145,,,,,,,,,,,,,,,,,,,,,,,,,51363040,,,,~,
2025/06/17 02:00,ԉJ,2207700100013,106021286622060,,ߋE,I̐,I̐,I̐_Ǘ,͐,,0742500100146,kac,,2207700100011,,,0742500100145,,,,,,,,,,,,,,,,,,,,,,,,,51363040,,,,I,
2025/06/17 07:00,ԉJ,2207700100010,106021286622070,Vg,ߋE,I̐,I̐,I̐_Ǘ,͐,,0742500100021,,,2207700100013,,,0742500100146,kac,,,,,,,,,,,,,,,,,,,,,,,,51363004,,,,~,
2025/06/17 10:00,ԉJ,0640100100096,,j,ߋE,,j,y؎,,,2209700100021,㍪,,0640100100100,,,2203900100016,Ȑi@\j,,,,,,,,,,,,,,,,,,,,,,,,53350634,,,,~,
2025/06/17 10:00,ԉJ,0716900100173,,k,ߋE,,,˓y؎,,,0716900100172,,,2207000100003,c,,2207000100002,哇2,,,,,,,,,,,,,,,,,,,,,,,,52353227,,,,~,
2025/06/17 10:00,ԉJ,0716900100175,,,ߋE,,,˓y؎,,,2207000100006,Ɂi@\j,,2207000100003,c,,2207000100007,i@\j,,,,,,,,,,,,,,,,,,,,,,,,52352391,,,,~,
2025/06/17 10:00,ԉJ,0716900100179,,,ߋE,ɐ,H,˓y؎,,,0716900100174,匴,,0716900100176,Oc,,0716900100172,,,,,,,,,,,,,,,,,,,,,,,,,52353231,,,,~,
2025/06/17 12:00,ԉJ,0640100100086,,,ߋE,,,ؔV{y؎,,,0640100100082,,,0640100100085,s,,0640100100129,H,,,,,,,,,,,,,,,,,,,,,,,,53363118,,,,~,
2025/06/17 14:00,ԉJ,0716900100173,,k,ߋE,,,˓y؎,,,0716900100172,,,2207000100003,c,,2207000100002,哇2,,,,,,,,,,,,,,,,,,,,,,,,52353227,,,,I,
2025/06/17 14:00,ԉJ,0716900100175,,,ߋE,,,˓y؎,,,2207000100006,Ɂi@\j,,2207000100003,c,,2207000100007,i@\j,,,,,,,,,,,,,,,,,,,,,,,,52352391,,,,I,
2025/06/17 14:00,ԉJ,0716900100179,,,ߋE,ɐ,H,˓y؎,,,0716900100174,匴,,0716900100176,Oc,,0716900100172,,,,,,,,,,,,,,,,,,,,,,,,,52353231,,,,I,
2025/06/17 14:00,ԉJ,2203900100016,106041900000090,Ȑi@\j,ߋE,,ܐ,@\@iΑǗ,@\,,0640100100100,,,0640100100008,,,0640100100094,Ko[,,,,,,,,,,,,,,,,,,,,,,,,52357740,,,,~,
2025/06/17 16:00,ԉJ,2206800100016,106041286606250,b,ߋE,,j,͐쎖,͐,,0640100100006,R,,0665700100003,匴,,0640100100005,{,,,,,,,,,,,,,,,,,,,,,,,,52354676,,,,~,
2025/06/17 17:00,ԉJ,0640100100096,,j,ߋE,,j,y؎,,,2209700100021,㍪,,0640100100100,,,2203900100016,Ȑi@\j,,,,,,,,,,,,,,,,,,,,,,,,53350634,,,,~,
2025/06/17 17:00,ԉJ,0665700100070,,,ߋE,Rǐ,,_Ǘ,,,0665700100086,Øa,,0665700100069,,,0460900100027,xz,,,,,,,,,,,,,,,,,,,,,,,,53350421,,,,~,
2025/06/17 21:00,ԉJ,0614500100161,,_,ߋE,V{,̑,F쌚ݎ,,,0768100100159,F,,0614500100167,,,0614500100164,琶,,,,,,,,,,,,,,,,,,,,,,,,50367030,,,,~,
2025/06/17 21:00,ԉJ,0742500100124,,(),ߋE,a,a,ay؎,,,2206900100001,,,0742500100032,,,0742500100013,},,,,,,,,,,,,,,,,,,,,,,,,51356731,,,,~,
2025/06/17 21:00,ԉJ,2207700100010,106021286622070,Vg,ߋE,I̐,I̐,I̐_Ǘ,͐,,0742500100021,,,2207700100013,,,0742500100146,kac,,,,,,,,,,,,,,,,,,,,,,,,51363004,,,,~,
2025/06/18 03:00,ԉJ,0742500100041,,,ߋE,a,,SRy؎,,,0742500100113,t,,2206900100006,,,0691300100018,i{FJVj,,,,,,,,,,,,,,,,,,,,,,,,51357523,,,,~,
2025/06/18 10:00,ԉJ,0640100100096,,j,ߋE,,j,y؎,,,2209700100021,㍪,,0640100100100,,,2203900100016,Ȑi@\j,,,,,,,,,,,,,,,,,,,,,,,,53350634,,,,~,
2025/06/18 13:00,ԉJ,0640100100086,,,ߋE,,,ؔV{y؎,,,0640100100082,,,0640100100085,s,,0640100100129,H,,,,,,,,,,,,,,,,,,,,,,,,53363118,,,,~,
2025/06/18 15:00,ԉJ,0665700100070,,,ߋE,Rǐ,,_Ǘ,,,0665700100086,Øa,,0665700100069,,,0460900100027,xz,,,,,,,,,,,,,,,,,,,,,,,,53350421,,,,~,
2025/06/18 15:00,ԉJ,0742500100009,,R,ߋE,a,,cy؎,,,0742500100120,kE,,2206900100004,,,2206900100014,|,,,,,,,,,,,,,,,,,,,,,,,,51355544,,,,~,
2025/06/18 15:00,ԉJ,0742500100041,,,ߋE,a,,SRy؎,,,0742500100113,t,,2206900100006,,,0691300100018,i{FJVj,,,,,,,,,,,,,,,,,,,,,,,,51357523,,,,~,
2025/06/18 15:00,ԉJ,2206700100050,,n,ߋE,,j,@\@jE_Ǘ,@\,,0665700100024,Ԕw,,2206700100009,q,,0665700100025,㍕c,,,,,,,,,,,,,,,,,,,,,,,,52356681,,,,~,
2025/06/18 15:00,ԉJ,2209900100006,106071286619010,r,ߋE,㓪,㓪,㓪_Ǘ,͐,,0460900100011,zy,,2209900100013,,,0460900100084,y_,,,,,,,,,,,,,,,,,,,,,,,,54360420,,,,~,
2025/06/18 15:00,ԉJ,2209900100007,106071286619020,Ŕg,ߋE,㓪,Ŕg,㓪_Ǘ,͐,,0460900100082,O,,2209900100016,,,0460900100042,,,,,,,,,,,,,,,,,,,,,,,,,54360523,,,,~,
2025/06/18 16:00,ԉJ,0640100100054,,gJ,ߋE,,m,i_Ǘ,,,0640100100043,,,0640100100058,唋,,0640100100066,Sώ,,,,,,,,,,,,,,,,,,,,,,,,52365259,,,,~,
2025/06/18 16:00,ԉJ,0640100100083,,Y,ߋE,,Y,ؔV{y؎,,,0640100100097,,,0640100100088,B|,,2203900100007,}Lm,,,,,,,,,,,,,,,,,,,,,,,,53361099,,,,~,
2025/06/18 16:00,ԉJ,0665700100046,,_,ߋE,Rǐ,Rǐ,Oy؎,,,2205100100020,g,,2205100100002,,,0665700100047,]R,,,,,,,,,,,,,,,,,,,,,,,,53350164,,,,~,
2025/06/18 16:00,ԉJ,2209900100004,106071286619040,ΓO,ߋE,㓪,ΓO,㓪_Ǘ,͐,,0537700100021,ΓO,,0460900100082,O,,2209900100001,,,,,,,,,,,,,,,,,,,,,,,,,53367671,,,,~,
2025/06/18 17:00,ԉJ,0640100100055,,N,ߋE,,m,i_Ǘ,,,0640100100054,gJ,,0640100100051,Ξ,,0640100100061,N,,,,,,,,,,,,,,,,,,,,,,,,52365382,,,,~,
2025/06/18 17:00,ԉJ,0640100100096,,j,ߋE,,j,y؎,,,2209700100021,㍪,,0640100100100,,,2203900100016,Ȑi@\j,,,,,,,,,,,,,,,,,,,,,,,,53350634,,,,~,
2025/06/18 18:00,ԉJ,0614500100161,,_,ߋE,V{,̑,F쌚ݎ,,,0768100100159,F,,0614500100167,,,0614500100164,琶,,,,,,,,,,,,,,,,,,,,,,,,50367030,,,,~,
2025/06/18 18:00,ԉJ,0742500100033,,v,ߋE,a,a,ay؎,,,0742500100013,},,0742500100108,a,,0742500100032,,,,,,,,,,,,,,,,,,,,,,,,,51356783,,,,~,
2025/06/18 19:00,ԉJ,2206700100005,106041286618030,R,ߋE,,j,_Ǘ,͐,,0665700100026,R,,2206700100053,ז,,2206700100055,F,,,,,,,,,,,,,,,,,,,,,,,,52355590,,,,~,
2025/06/18 20:00,ԉJ,0640100100083,,Y,ߋE,,Y,ؔV{y؎,,,0640100100097,,,0640100100088,B|,,2203900100007,}Lm,,,,,,,,,,,,,,,,,,,,,,,,53361099,,,,I,
2025/06/18 20:00,ԉJ,0665700100046,,_,ߋE,Rǐ,Rǐ,Oy؎,,,2205100100020,g,,2205100100002,,,0665700100047,]R,,,,,,,,,,,,,,,,,,,,,,,,53350164,,,,I,
2025/06/18 21:00,ԉJ,0640100100055,,N,ߋE,,m,i_Ǘ,,,0640100100054,gJ,,0640100100051,Ξ,,0640100100061,N,,,,,,,,,,,,,,,,,,,,,,,,52365382,,,,I,
2025/06/19 00:00,ԉJ,0614500100164,,琶,ߋE,V{,̑,F쌚ݎ,,,2208800100010,,,0768100100112,kR,,0614500100161,_,,,,,,,,,,,,,,,,,,,,,,,,50357708,,,,~,
2025/06/19 00:00,ԉJ,0665700100070,,,ߋE,Rǐ,,_Ǘ,,,0665700100086,Øa,,0665700100069,,,0460900100027,xz,,,,,,,,,,,,,,,,,,,,,,,,53350421,,,,I,
2025/06/19 00:00,ԉJ,2206800100016,106041286606250,b,ߋE,,j,͐쎖,͐,,0640100100006,R,,0665700100003,匴,,0640100100005,{,,,,,,,,,,,,,,,,,,,,,,,,52354676,,,,~,
2025/06/19 03:00,ԉJ,2203900100016,106041900000090,Ȑi@\j,ߋE,,ܐ,@\@iΑǗ,@\,,0640100100100,,,0640100100008,,,0640100100094,Ko[,,,,,,,,,,,,,,,,,,,,,,,,52357740,,,,~,
2025/06/19 04:00,ԉJ,0614500100164,,琶,ߋE,V{,̑,F쌚ݎ,,,2208800100010,,,0768100100112,kR,,0614500100161,_,,,,,,,,,,,,,,,,,,,,,,,,50357708,,,,I,
2025/06/19 04:00,ԉJ,2209900100006,106071286619010,r,ߋE,㓪,㓪,㓪_Ǘ,͐,,0460900100011,zy,,2209900100013,,,0460900100084,y_,,,,,,,,,,,,,,,,,,,,,,,,54360420,,,,~,
2025/06/19 04:00,ԉJ,2209900100007,106071286619020,Ŕg,ߋE,㓪,Ŕg,㓪_Ǘ,͐,,0460900100082,O,,2209900100016,,,0460900100042,,,,,,,,,,,,,,,,,,,,,,,,,54360523,,,,~,
2025/06/19 10:00,ԉJ,0640100100096,,j,ߋE,,j,y؎,,,2209700100021,㍪,,0640100100100,,,2203900100016,Ȑi@\j,,,,,,,,,,,,,,,,,,,,,,,,53350634,,,,~,
2025/06/19 10:00,ԉJ,0742500100041,,,ߋE,a,,SRy؎,,,0742500100113,t,,2206900100006,,,0691300100018,i{FJVj,,,,,,,,,,,,,,,,,,,,,,,,51357523,,,,~,
2025/06/19 12:00,ԉJ,0716900100073,,s,ߋE,Rǐ,|c,Ogy؎,,,2205100100007,k{,,0716900100144,X,,0716900100072,,,,,,,,,,,,,,,,,,,,,,,,,52356140,,,,~,
2025/06/19 13:00,ԉJ,0640100100086,,,ߋE,,,ؔV{y؎,,,0640100100082,,,0640100100085,s,,0640100100129,H,,,,,,,,,,,,,,,,,,,,,,,,53363118,,,,~,
2025/06/19 14:00,ԉJ,0614500100164,,琶,ߋE,V{,̑,F쌚ݎ,,,2208800100010,,,0768100100112,kR,,0614500100161,_,,,,,,,,,,,,,,,,,,,,,,,,50357708,,,,~,
2025/06/19 15:00,ԉJ,0614500100161,,_,ߋE,V{,̑,F쌚ݎ,,,0768100100159,F,,0614500100167,,,0614500100164,琶,,,,,,,,,,,,,,,,,,,,,,,,50367030,,,,~,
2025/06/19 15:00,ԉJ,2206700100005,106041286618030,R,ߋE,,j,_Ǘ,͐,,0665700100026,R,,2206700100053,ז,,2206700100055,F,,,,,,,,,,,,,,,,,,,,,,,,52355590,,,,~,
2025/06/19 17:00,ԉJ,0640100100054,,gJ,ߋE,,m,i_Ǘ,,,0640100100043,,,0640100100058,唋,,0640100100066,Sώ,,,,,,,,,,,,,,,,,,,,,,,,52365259,,,,~,
2025/06/19 17:00,ԉJ,0640100100055,,N,ߋE,,m,i_Ǘ,,,0640100100054,gJ,,0640100100051,Ξ,,0640100100061,N,,,,,,,,,,,,,,,,,,,,,,,,52365382,,,,~,
2025/06/19 17:00,ԉJ,0640100100096,,j,ߋE,,j,y؎,,,2209700100021,㍪,,0640100100100,,,2203900100016,Ȑi@\j,,,,,,,,,,,,,,,,,,,,,,,,53350634,,,,~,
2025/06/19 18:00,ԉJ,0614500100164,,琶,ߋE,V{,̑,F쌚ݎ,,,2208800100010,,,0768100100112,kR,,0614500100161,_,,,,,,,,,,,,,,,,,,,,,,,,50357708,,,,I,
2025/06/19 19:00,ԉJ,0742500100033,,v,ߋE,a,a,ay؎,,,0742500100013,},,0742500100108,a,,0742500100032,,,,,,,,,,,,,,,,,,,,,,,,,51356783,,,,~,
2025/06/19 21:00,ԉJ,2208700100005,106021286614190,ь,ߋE,I̐,Mu,a̎R͐썑,͐,,0768100100018,ԉ,,0768100100056,J,,0768100100178,,,,,,,,,,,,,,,,,,,,,,,,,51352309,,,,~,
2025/06/19 22:00,ԉJ,2206800100016,106041286606250,b,ߋE,,j,͐쎖,͐,,0640100100006,R,,0665700100003,匴,,0640100100005,{,,,,,,,,,,,,,,,,,,,,,,,,52354676,,,,~,
2025/06/19 23:00,ԉJ,0742500100033,,v,ߋE,a,a,ay؎,,,0742500100013,},,0742500100108,a,,0742500100032,,,,,,,,,,,,,,,,,,,,,,,,,51356783,,,,I,
2025/06/20 00:00,ԉJ,0742500100041,,,ߋE,a,,SRy؎,,,0742500100113,t,,2206900100006,,,0691300100018,i{FJVj,,,,,,,,,,,,,,,,,,,,,,,,51357523,,,,~,
2025/06/20 01:00,ԉJ,2208700100005,106021286614190,ь,ߋE,I̐,Mu,a̎R͐썑,͐,,0768100100018,ԉ,,0768100100056,J,,0768100100178,,,,,,,,,,,,,,,,,,,,,,,,,51352309,,,,I,
2025/06/20 10:00,ԉJ,0640100100096,,j,ߋE,,j,y؎,,,2209700100021,㍪,,0640100100100,,,2203900100016,Ȑi@\j,,,,,,,,,,,,,,,,,,,,,,,,53350634,,,,~,
2025/06/20 11:00,ԉJ,0665700100046,,_,ߋE,Rǐ,Rǐ,Oy؎,,,2205100100020,g,,2205100100002,,,0665700100047,]R,,,,,,,,,,,,,,,,,,,,,,,,53350164,,,,~,
2025/06/20 12:00,ԉJ,0640100100083,,Y,ߋE,,Y,ؔV{y؎,,,0640100100097,,,0640100100088,B|,,2203900100007,}Lm,,,,,,,,,,,,,,,,,,,,,,,,53361099,,,,~,
2025/06/20 12:00,ԉJ,0665700100070,,,ߋE,Rǐ,,_Ǘ,,,0665700100086,Øa,,0665700100069,,,0460900100027,xz,,,,,,,,,,,,,,,,,,,,,,,,53350421,,,,~,
2025/06/20 16:00,ԉJ,0640100100085,,s,ߋE,,],ؔV{y؎,,,0640100100086,,,0640100100081,ؔV{,,0640100100129,H,,,,,,,,,,,,,,,,,,,,,,,,53362165,,,,~,
2025/06/20 16:00,ԉJ,0640100100088,,B|,ߋE,,,ؔV{y؎,,,0460900100064,Dc,,0640100100085,s,,0640100100083,Y,,,,,,,,,,,,,,,,,,,,,,,,53362161,,,,~,
2025/06/20 16:00,ԉJ,0665700100003,,匴,ߋE,,,s{sy؎,,,2206800100016,b,,0665700100007,MD,,0640100100009,r,,,,,,,,,,,,,,,,,,,,,,,,52355635,,,,~,
2025/06/20 16:00,ԉJ,0665700100093,,䷌,ߋE,Rǐ,yt,Oy؎,,,2205100100006,Oa,,0716900100146,K,,0665700100044,cmJ,,,,,,,,,,,,,,,,,,,,,,,,52356230,,,,~,
2025/06/20 17:00,ԉJ,0640100100086,,,ߋE,,,ؔV{y؎,,,0640100100082,,,0640100100085,s,,0640100100129,H,,,,,,,,,,,,,,,,,,,,,,,,53363118,,,,~,
2025/06/20 17:00,ԉJ,2207700100010,106021286622070,Vg,ߋE,I̐,I̐,I̐_Ǘ,͐,,0742500100021,,,2207700100013,,,0742500100146,kac,,,,,,,,,,,,,,,,,,,,,,,,51363004,,,,~,
2025/06/20 18:00,ԉJ,0665700100012,,},ߋE,,},Rky؎,,,2206700100004,},,0665700100108,䷓Vr,,0665700100006,C,,,,,,,,,,,,,,,,,,,,,,,,52353628,,,,~,
2025/06/20 18:00,ԉJ,0742500100033,,v,ߋE,a,a,ay؎,,,0742500100013,},,0742500100108,a,,0742500100032,,,,,,,,,,,,,,,,,,,,,,,,,51356783,,,,~,
2025/06/20 18:00,ԉJ,0742500100041,,,ߋE,a,,SRy؎,,,0742500100113,t,,2206900100006,,,0691300100018,i{FJVj,,,,,,,,,,,,,,,,,,,,,,,,51357523,,,,~,
2025/06/20 20:00,ԉJ,0665700100003,,匴,ߋE,,,s{sy؎,,,2206800100016,b,,0665700100007,MD,,0640100100009,r,,,,,,,,,,,,,,,,,,,,,,,,52355635,,,,I,
2025/06/20 20:00,ԉJ,0665700100046,,_,ߋE,Rǐ,Rǐ,Oy؎,,,2205100100020,g,,2205100100002,,,0665700100047,]R,,,,,,,,,,,,,,,,,,,,,,,,53350164,,,,I,
2025/06/20 20:00,ԉJ,0665700100093,,䷌,ߋE,Rǐ,yt,Oy؎,,,2205100100006,Oa,,0716900100146,K,,0665700100044,cmJ,,,,,,,,,,,,,,,,,,,,,,,,52356230,,,,I,
2025/06/21 06:00,ԉJ,0742500100041,,,ߋE,a,,SRy؎,,,0742500100113,t,,2206900100006,,,0691300100018,i{FJVj,,,,,,,,,,,,,,,,,,,,,,,,51357523,,,,~,
2025/06/21 11:00,ԉJ,0640100100096,,j,ߋE,,j,y؎,,,2209700100021,㍪,,0640100100100,,,2203900100016,Ȑi@\j,,,,,,,,,,,,,,,,,,,,,,,,53350634,,,,~,
2025/06/21 13:00,ԉJ,0640100100083,,Y,ߋE,,Y,ؔV{y؎,,,0640100100097,,,0640100100088,B|,,2203900100007,}Lm,,,,,,,,,,,,,,,,,,,,,,,,53361099,,,,~,
2025/06/21 13:00,ԉJ,2203900100016,106041900000090,Ȑi@\j,ߋE,,ܐ,@\@iΑǗ,@\,,0640100100100,,,0640100100008,,,0640100100094,Ko[,,,,,,,,,,,,,,,,,,,,,,,,52357740,,,,~,
2025/06/21 13:00,ԉJ,2210700100056,106041286617570,,ߋE,,,IɎRnh,͐,,2210700100059,n,,2210700100060,o,,2210700100014,2,,,,,,,,,,,,,,,,,,,,,,,,51367199,,,,~,
2025/06/21 14:00,ԉJ,0665700100070,,,ߋE,Rǐ,,_Ǘ,,,0665700100086,Øa,,0665700100069,,,0460900100027,xz,,,,,,,,,,,,,,,,,,,,,,,,53350421,,,,~,
2025/06/21 15:00,ԉJ,0640100100085,,s,ߋE,,],ؔV{y؎,,,0640100100086,,,0640100100081,ؔV{,,0640100100129,H,,,,,,,,,,,,,,,,,,,,,,,,53362165,,,,~,
2025/06/21 16:00,ԉJ,0665700100003,,匴,ߋE,,,s{sy؎,,,2206800100016,b,,0665700100007,MD,,0640100100009,r,,,,,,,,,,,,,,,,,,,,,,,,52355635,,,,~,
2025/06/21 16:00,ԉJ,2207700100010,106021286622070,Vg,ߋE,I̐,I̐,I̐_Ǘ,͐,,0742500100021,,,2207700100013,,,0742500100146,kac,,,,,,,,,,,,,,,,,,,,,,,,51363004,,,,~,
2025/06/21 17:00,ԉJ,2210700100056,106041286617570,,ߋE,,,IɎRnh,͐,,2210700100059,n,,2210700100060,o,,2210700100014,2,,,,,,,,,,,,,,,,,,,,,,,,51367199,,,,I,
2025/06/21 18:00,ԉJ,0742500100033,,v,ߋE,a,a,ay؎,,,0742500100013,},,0742500100108,a,,0742500100032,,,,,,,,,,,,,,,,,,,,,,,,,51356783,,,,~,
2025/06/21 18:00,ԉJ,0742500100041,,,ߋE,a,,SRy؎,,,0742500100113,t,,2206900100006,,,0691300100018,i{FJVj,,,,,,,,,,,,,,,,,,,,,,,,51357523,,,,~,
2025/06/21 18:00,ԉJ,2208700100005,106021286614190,ь,ߋE,I̐,Mu,a̎R͐썑,͐,,0768100100018,ԉ,,0768100100056,J,,0768100100178,,,,,,,,,,,,,,,,,,,,,,,,,51352309,,,,~,
2025/06/21 22:00,ԉJ,0614500100164,,琶,ߋE,V{,̑,F쌚ݎ,,,2208800100010,,,0768100100112,kR,,0614500100161,_,,,,,,,,,,,,,,,,,,,,,,,,50357708,,,,~,
2025/06/22 00:00,ԉJ,0614500100161,,_,ߋE,V{,̑,F쌚ݎ,,,0768100100159,F,,0614500100167,,,0614500100164,琶,,,,,,,,,,,,,,,,,,,,,,,,50367030,,,,~,
2025/06/22 02:00,ԉJ,0614500100164,,琶,ߋE,V{,̑,F쌚ݎ,,,2208800100010,,,0768100100112,kR,,0614500100161,_,,,,,,,,,,,,,,,,,,,,,,,,50357708,,,,I,
2025/06/22 13:00,ԉJ,0614500100161,,_,ߋE,V{,̑,F쌚ݎ,,,0768100100159,F,,0614500100167,,,0614500100164,琶,,,,,,,,,,,,,,,,,,,,,,,,50367030,,,,~,
2025/06/22 15:00,ԉJ,0640100100096,,j,ߋE,,j,y؎,,,2209700100021,㍪,,0640100100100,,,2203900100016,Ȑi@\j,,,,,,,,,,,,,,,,,,,,,,,,53350634,,,,~,
2025/06/22 16:00,ԉJ,0640100100086,,,ߋE,,,ؔV{y؎,,,0640100100082,,,0640100100085,s,,0640100100129,H,,,,,,,,,,,,,,,,,,,,,,,,53363118,,,,~,
2025/06/22 16:00,ԉJ,0742500100041,,,ߋE,a,,SRy؎,,,0742500100113,t,,2206900100006,,,0691300100018,i{FJVj,,,,,,,,,,,,,,,,,,,,,,,,51357523,,,,~,
2025/06/22 19:00,ԉJ,0742500100033,,v,ߋE,a,a,ay؎,,,0742500100013,},,0742500100108,a,,0742500100032,,,,,,,,,,,,,,,,,,,,,,,,,51356783,,,,~,
2025/06/22 20:00,ԉJ,0640100100086,,,ߋE,,,ؔV{y؎,,,0640100100082,,,0640100100085,s,,0640100100129,H,,,,,,,,,,,,,,,,,,,,,,,,53363118,,,,I,
2025/06/22 20:40,POJ,0716900100073,,s,ߋE,Rǐ,|c,Ogy؎,,0.0,2205100100007,k{,19.0,0716900100144,X,17.0,0716900100072,,0.0,,,,,,,,,,,,,,,,,,,,,,15.2,52356140,16.1,~,,,
2025/06/22 20:50,POJ,0716900100073,,s,ߋE,Rǐ,|c,Ogy؎,,0.0,2205100100007,k{,19.0,0716900100144,X,17.0,0716900100072,,0.0,,,,,,,,,,,,,,,,,,,,,,15.2,52356140,16.6,~,,,Z
2025/06/22 21:00,POJ,0716900100073,,s,ߋE,Rǐ,|c,Ogy؎,,0.0,2205100100007,k{,19.0,0716900100144,X,17.0,0716900100072,,0.0,,,,,,,,,,,,,,,,,,,,,,15.2,52356140,16.6,~,,,Z
2025/06/22 21:10,POJ,0716900100073,,s,ߋE,Rǐ,|c,Ogy؎,,0.0,2205100100007,k{,20.0,0716900100144,X,17.0,0716900100072,,0.0,,,,,,,,,,,,,,,,,,,,,,15.8,52356140,16.9,~,,,Z
2025/06/22 21:20,POJ,0716900100073,,s,ߋE,Rǐ,|c,Ogy؎,,0.0,2205100100007,k{,20.0,0716900100144,X,17.0,0716900100072,,0.0,,,,,,,,,,,,,,,,,,,,,,15.8,52356140,17.3,~,,,Z
2025/06/22 21:30,POJ,0716900100073,,s,ߋE,Rǐ,|c,Ogy؎,,0.0,2205100100007,k{,20.0,0716900100144,X,17.0,0716900100072,,0.0,,,,,,,,,,,,,,,,,,,,,,15.8,52356140,17.7,~,,,Z
2025/06/22 21:40,POJ,0716900100073,,s,ߋE,Rǐ,|c,Ogy؎,,0.0,2205100100007,k{,20.0,0716900100144,X,17.0,0716900100072,,0.0,,,,,,,,,,,,,,,,,,,,,,15.8,52356140,17.9,~,,,Z
2025/06/22 21:50,POJ,0716900100073,,s,ߋE,Rǐ,|c,Ogy؎,,0.0,2205100100007,k{,20.0,0716900100144,X,17.0,0716900100072,,0.0,,,,,,,,,,,,,,,,,,,,,,15.8,52356140,18.0,~,,,Z
2025/06/22 22:00,POJ,0716900100073,,s,ߋE,Rǐ,|c,Ogy؎,,0.0,2205100100007,k{,20.0,0716900100144,X,17.0,0716900100072,,0.0,,,,,,,,,,,,,,,,,,,,,,15.8,52356140,18.1,~,,,Z
2025/06/22 22:10,POJ,0716900100073,,s,ߋE,Rǐ,|c,Ogy؎,,0.0,2205100100007,k{,20.0,0716900100144,X,17.0,0716900100072,,0.0,,,,,,,,,,,,,,,,,,,,,,15.8,52356140,18.3,~,,,Z
2025/06/22 22:20,POJ,0716900100073,,s,ߋE,Rǐ,|c,Ogy؎,,0.0,2205100100007,k{,20.0,0716900100144,X,18.0,0716900100072,,0.0,,,,,,,,,,,,,,,,,,,,,,16.0,52356140,18.5,~,,,Z
2025/06/22 22:30,POJ,0716900100073,,s,ߋE,Rǐ,|c,Ogy؎,,0.0,2205100100007,k{,20.0,0716900100144,X,18.0,0716900100072,,0.0,,,,,,,,,,,,,,,,,,,,,,16.0,52356140,18.6,~,,,Z
2025/06/22 22:40,POJ,0716900100073,,s,ߋE,Rǐ,|c,Ogy؎,,0.0,2205100100007,k{,20.0,0716900100144,X,18.0,0716900100072,,0.0,,,,,,,,,,,,,,,,,,,,,,16.0,52356140,18.5,~,,,Z
2025/06/22 22:50,POJ,0716900100073,,s,ߋE,Rǐ,|c,Ogy؎,,0.0,2205100100007,k{,20.0,0716900100144,X,18.0,0716900100072,,0.0,,,,,,,,,,,,,,,,,,,,,,16.0,52356140,18.4,~,,,Z
2025/06/22 23:00,ԉJ,0742500100033,,v,ߋE,a,a,ay؎,,,0742500100013,},,0742500100108,a,,0742500100032,,,,,,,,,,,,,,,,,,,,,,,,,51356783,,,,I,
2025/06/23 00:00,ԉJ,0614500100161,,_,ߋE,V{,̑,F쌚ݎ,,,0768100100159,F,,0614500100167,,,0614500100164,琶,,,,,,,,,,,,,,,,,,,,,,,,50367030,,,,~,
2025/06/23 03:00,ԉJ,0742500100041,,,ߋE,a,,SRy؎,,,0742500100113,t,,2206900100006,,,0691300100018,i{FJVj,,,,,,,,,,,,,,,,,,,,,,,,51357523,,,,~,
2025/06/23 04:00,ԉJ,0716900100077,,m,ߋE,x,x,F{y؎,,,0716900100195,{,,0716900100109,u},,0716900100082,S,,,,,,,,,,,,,,,,,,,,,,,,51346725,,,,~,
2025/06/23 05:20,POJ,0768100100140,,֎R_,ߋE,,,a̎RU,,0.0,0768100100063,R,12.0,0768100100138,㏉,18.0,0768100100079,O\,8.0,,,,,,,,,,,,,,,,,,,,,,13.1,50357351,18.3,~,,,
2025/06/23 05:30,POJ,0768100100140,,֎R_,ߋE,,,a̎RU,,0.0,0768100100063,R,12.0,0768100100138,㏉,17.0,0768100100079,O\,8.0,,,,,,,,,,,,,,,,,,,,,,12.8,50357351,19.4,~,,,Z
2025/06/23 05:40,POJ,0768100100140,,֎R_,ߋE,,,a̎RU,,0.0,0768100100063,R,12.0,0768100100138,㏉,19.0,0768100100079,O\,8.0,,,,,,,,,,,,,,,,,,,,,,13.4,50357351,20.5,~,,,Z
2025/06/23 05:50,POJ,0768100100140,,֎R_,ߋE,,,a̎RU,,0.0,0768100100063,R,12.0,0768100100138,㏉,21.0,0768100100079,O\,8.0,,,,,,,,,,,,,,,,,,,,,,14.1,50357351,19.7,~,,,Z
2025/06/23 06:00,POJ,0768100100140,,֎R_,ߋE,,,a̎RU,,0.0,0768100100063,R,12.0,0768100100138,㏉,21.0,0768100100079,O\,8.0,,,,,,,,,,,,,,,,,,,,,,14.1,50357351,18.8,~,,,Z
2025/06/23 06:10,POJ,0768100100140,,֎R_,ߋE,,,a̎RU,,0.0,0768100100063,R,12.0,0768100100138,㏉,20.0,0768100100079,O\,8.0,,,,,,,,,,,,,,,,,,,,,,13.8,50357351,18.5,~,,,Z
2025/06/23 06:20,POJ,0768100100140,,֎R_,ߋE,,,a̎RU,,0.0,0768100100063,R,11.0,0768100100138,㏉,19.0,0768100100079,O\,7.0,,,,,,,,,,,,,,,,,,,,,,12.8,50357351,18.6,~,,,Z
2025/06/23 06:30,POJ,0768100100140,,֎R_,ߋE,,,a̎RU,,0.0,0768100100063,R,10.0,0768100100138,㏉,19.0,0768100100079,O\,8.0,,,,,,,,,,,,,,,,,,,,,,12.6,50357351,17.8,~,,,Z
2025/06/23 06:40,POJ,0768100100140,,֎R_,ߋE,,,a̎RU,,0.0,0768100100063,R,10.0,0768100100138,㏉,19.0,0768100100079,O\,8.0,,,,,,,,,,,,,,,,,,,,,,12.6,50357351,17.4,~,,,Z
2025/06/23 06:50,POJ,0768100100140,,֎R_,ߋE,,,a̎RU,,0.0,0768100100063,R,10.0,0768100100138,㏉,19.0,0768100100079,O\,8.0,,,,,,,,,,,,,,,,,,,,,,12.6,50357351,17.6,~,,,Z
2025/06/23 07:00,POJ,0768100100140,,֎R_,ߋE,,,a̎RU,,0.0,0768100100063,R,9.0,0768100100138,㏉,19.0,0768100100079,O\,8.0,,,,,,,,,,,,,,,,,,,,,,12.1,50357351,15.2,~,,,Z
2025/06/23 07:30,POJ,0716900100024,,zm,ߋE,s,zm,PHy؎,,0.0,0716900100153,zm,21.0,0716900100023,_,16.0,0716900100137,Ȍ,11.0,,,,,,,,,,,,,,,,,,,,,,19.3,52345647,12.1,~,,,
2025/06/23 07:40,POJ,0716900100024,,zm,ߋE,s,zm,PHy؎,,0.0,0716900100153,zm,21.0,0716900100023,_,16.0,0716900100137,Ȍ,11.0,,,,,,,,,,,,,,,,,,,,,,19.3,52345647,12.1,~,,,Z
2025/06/23 07:50,POJ,0716900100024,,zm,ߋE,s,zm,PHy؎,,0.0,0716900100153,zm,21.0,0716900100023,_,16.0,0716900100137,Ȍ,11.0,,,,,,,,,,,,,,,,,,,,,,19.3,52345647,12.1,~,,,Z
2025/06/23 08:00,POJ,0716900100024,,zm,ߋE,s,zm,PHy؎,,0.0,0716900100153,zm,21.0,0716900100023,_,16.0,0716900100137,Ȍ,11.0,,,,,,,,,,,,,,,,,,,,,,19.3,52345647,12.2,~,,,Z
2025/06/23 08:00,ԉJ,2203900100016,106041900000090,Ȑi@\j,ߋE,,ܐ,@\@iΑǗ,@\,,0640100100100,,,0640100100008,,,0640100100094,Ko[,,,,,,,,,,,,,,,,,,,,,,,,52357740,,,,~,
2025/06/23 08:10,POJ,0716900100024,,zm,ߋE,s,zm,PHy؎,,0.0,0716900100153,zm,21.0,0716900100023,_,16.0,0716900100137,Ȍ,13.0,,,,,,,,,,,,,,,,,,,,,,19.5,52345647,12.4,~,,,Z
2025/06/23 10:30,POJ,0640100100050,,͕,ߋE,,m,i_Ǘ,,0.0,0640100100035,s,37.0,0640100100131,,9.0,0640100100045,܌,22.0,,,,,,,,,,,,,,,,,,,,,,26.5,52365137,29.3,~,,,
2025/06/23 10:40,POJ,0640100100050,,͕,ߋE,,m,i_Ǘ,,0.0,0640100100035,s,42.0,0640100100131,,13.0,0640100100045,܌,24.0,,,,,,,,,,,,,,,,,,,,,,30.8,52365137,36.8,~,,,Z
2025/06/23 10:50,POJ,0640100100050,,͕,ߋE,,m,i_Ǘ,,0.0,0640100100035,s,44.0,0640100100131,,18.0,0640100100045,܌,25.0,,,,,,,,,,,,,,,,,,,,,,33.5,52365137,42.9,~,,,Z
2025/06/23 11:00,ԉJ,0460900100021,,͓,ߋE,㓪,H,Oy؎,,,2209900100009,F,,2209700100004,,,2209900100010,__,,,,,,,,,,,,,,,,,,,,,,,,53365390,,,~,,
2025/06/23 12:00,ԉJ,2206100100025,,_,ߋE,Ð,Ð,_ѐYȁiߋE_ǁj,͐,18.0,0716900100012,,,2206100100013,,1.0,0716900100124,,,,,,,,,,,,,,,,,,,,,,,,1.0,52344732,2.2,~,,,
2025/06/23 15:00,ԉJ,0742500100041,,,ߋE,a,,SRy؎,,,0742500100113,t,,2206900100006,,,0691300100018,i{FJVj,,,,,,,,,,,,,,,,,,,,,,,,51357523,,,,~,
2025/06/23 20:00,ԉJ,2207700100010,106021286622070,Vg,ߋE,I̐,I̐,I̐_Ǘ,͐,,0742500100021,,,2207700100013,,,0742500100146,kac,,,,,,,,,,,,,,,,,,,,,,,,51363004,,,,~,
2025/06/23 21:00,ԉJ,2208800100017,3101160100110,,ߋE,V{,kR,I͐썑,͐,65.0,0614500100162,܋,,2208800100025,Fidj,,0768100100159,F,,,,,,,,,,,,,,,,,,,,,,,,50367072,,,~,,
2025/06/23 22:00,ԉJ,0614500100161,,_,ߋE,V{,̑,F쌚ݎ,,,0768100100159,F,,0614500100167,,,0614500100164,琶,,,,,,,,,,,,,,,,,,,,,,,,50367030,,,,~,
2025/06/23 22:50,POJ,0768100100099,,,ߋE,xc,xc,a̎RKU,,4.0,0768100100171,,35.0,0768100100087,I,23.0,0768100100179,,19.0,,,,,,,,,,,,,,,,,,,,,,26.1,50355484,29.3,~,,,
2025/06/23 23:00,POJ,0768100100099,,,ߋE,xc,xc,a̎RKU,,5.0,0768100100171,,43.0,0768100100087,I,26.0,0768100100179,,21.0,,,,,,,,,,,,,,,,,,,,,,30.5,50355484,32.2,~,,,Z
2025/06/23 23:10,POJ,0768100100099,,,ߋE,xc,xc,a̎RKU,,4.0,0768100100171,,51.0,0768100100087,I,40.0,0768100100179,,23.0,,,,,,,,,,,,,,,,,,,,,,38.8,50355484,37.8,~,,,Z
2025/06/23 23:20,POJ,0768100100099,,,ߋE,xc,xc,a̎RKU,,4.0,0768100100171,,58.0,0768100100087,I,47.0,0768100100179,,30.0,,,,,,,,,,,,,,,,,,,,,,45.8,50355484,43.7,~,,,Z
2025/06/23 23:30,POJ,0768100100099,,,ߋE,xc,xc,a̎RKU,,5.0,0768100100171,,65.0,0768100100087,I,62.0,0768100100179,,37.0,,,,,,,,,,,,,,,,,,,,,,55.6,50355484,48.0,~,,,Z
2025/06/23 23:40,POJ,0768100100099,,,ߋE,xc,xc,a̎RKU,,5.0,0768100100171,,70.0,0768100100087,I,78.0,0768100100179,,40.0,,,,,,,,,,,,,,,,,,,,,,63.8,50355484,52.1,~,,,Z
2025/06/23 23:50,POJ,0768100100099,,,ߋE,xc,xc,a̎RKU,,5.0,0768100100171,,74.0,0768100100087,I,94.0,0768100100179,,45.0,,,,,,,,,,,,,,,,,,,,,,72.3,50355484,60.7,~,,,Z
2025/06/24 00:00,ԉJ,0768100100087,,I,ߋE,xc,xc,a̎RKU,,,0768100100097,kS,,0768100100099,,,0768100100098,,,,,,,,,,,,,,,,,,,,,,,,,50355451,,,~,,
2025/06/24 00:00,ԉJ,0768100100097,,kS,ߋE,xc,xc,a̎RKU,,,0768100100086,哃,,0768100100087,I,,0768100100147,,,,,,,,,,,,,,,,,,,,,,,,,50355400,,,~,,
2025/06/24 00:00,POJ,0768100100099,,,ߋE,xc,xc,a̎RKU,,6.0,0768100100171,,79.0,0768100100087,I,99.0,0768100100179,,50.0,,,,,,,,,,,,,,,,,,,,,,77.3,50355484,70.0,~,,,Z
2025/06/24 00:10,POJ,0768100100099,,,ߋE,xc,xc,a̎RKU,,8.0,0768100100171,,70.0,0768100100087,I,100.0,0768100100179,,57.0,,,,,,,,,,,,,,,,,,,,,,76.5,50355484,73.5,~,,,Z
2025/06/24 00:20,POJ,0768100100099,,,ߋE,xc,xc,a̎RKU,,9.0,0768100100171,,65.0,0768100100087,I,93.0,0768100100179,,67.0,,,,,,,,,,,,,,,,,,,,,,75.3,50355484,68.1,~,,,Z
2025/06/24 00:30,POJ,0768100100099,,,ߋE,xc,xc,a̎RKU,,11.0,0768100100171,,65.0,0768100100087,I,91.0,0768100100179,,68.0,,,,,,,,,,,,,,,,,,,,,,74.9,50355484,61.1,~,,,Z
2025/06/24 00:40,POJ,0768100100099,,,ߋE,xc,xc,a̎RKU,,12.0,0768100100171,,64.0,0768100100087,I,91.0,0768100100179,,63.0,,,,,,,,,,,,,,,,,,,,,,73.1,50355484,59.9,~,,,Z
2025/06/24 00:50,POJ,0768100100099,,,ߋE,xc,xc,a̎RKU,,14.0,0768100100171,,64.0,0768100100087,I,90.0,0768100100179,,59.0,,,,,,,,,,,,,,,,,,,,,,71.5,50355484,58.7,~,,,Z
2025/06/24 01:00,POJ,0768100100099,,,ߋE,xc,xc,a̎RKU,,15.0,0768100100171,,64.0,0768100100087,I,89.0,0768100100179,,59.0,,,,,,,,,,,,,,,,,,,,,,71.2,50355484,57.5,~,,,Z
2025/06/24 03:30,POJ,0768100100099,,,ߋE,xc,xc,a̎RKU,,25.0,0768100100171,,1.0,0768100100087,I,1.0,0768100100179,,0.0,,,,,,,,,,,,,,,,,,,,,,0.7,50355484,1.4,~,,,
2025/06/24 03:40,POJ,0768100100099,,,ߋE,xc,xc,a̎RKU,,24.0,0768100100171,,1.0,0768100100087,I,1.0,0768100100179,,0.0,,,,,,,,,,,,,,,,,,,,,,0.7,50355484,1.3,~,,,Z
2025/06/24 03:50,POJ,0768100100099,,,ߋE,xc,xc,a̎RKU,,23.0,0768100100171,,1.0,0768100100087,I,1.0,0768100100179,,0.0,,,,,,,,,,,,,,,,,,,,,,0.7,50355484,1.5,~,,,Z
2025/06/24 04:00,ԉJ,0768100100036,,,ߋE,ΐ,ΐ,CU,,,0768100100028,C,,0768100100029,,,0768100100047,{,,,,,,,,,,,,,,,,,,,,,,,,51351144,,,~,,
2025/06/24 04:00,ԉJ,0768100100039,,󒬖,ߋE,L,L,a̎RLcU,,,0768100100044,L,,0768100100045,,,0768100100042,g,,,,,,,,,,,,,,,,,,,,,,,,51350134,,,~,,
2025/06/24 04:00,ԉJ,0768100100042,,g,ߋE,Lc,Lc,a̎RLcU,,,0768100100048,,,0768100100045,,,0768100100040,,,,,,,,,,,,,,,,,,,,,,,,,51350167,,,~,,
2025/06/24 04:00,ԉJ,0768100100044,,L,ߋE,L,L,a̎RLcU,,,0768100100039,󒬖,,0768100100045,,,0768100100049,,,,,,,,,,,,,,,,,,,,,,,,,51350133,,,~,,
2025/06/24 04:00,ԉJ,0768100100047,,{,ߋE,Lc,Lc,a̎RLcU,,,0768100100049,,,0768100100029,,,0768100100048,,,,,,,,,,,,,,,,,,,,,,,,,51350193,,,~,,
2025/06/24 04:00,ԉJ,0768100100048,,,ߋE,Lc,Lc,a̎RLcU,,,0768100100042,g,,0768100100047,{,,0768100100040,,,,,,,,,,,,,,,,,,,,,,,,,51350197,,,~,,
2025/06/24 04:00,ԉJ,0768100100049,,,ߋE,Lc,Lc,a̎RLcU,,,0768100100047,{,,0768100100039,󒬖,,0768100100044,L,,,,,,,,,,,,,,,,,,,,,,,,51350173,,,~,,
2025/06/24 04:00,ԉJ,0768100100058,,R,ߋE,Rǐ,Rǐ,a̎RU,,,0768100100072,ߓ,,0768100100073,,,0768100100074,u,,,,,,,,,,,,,,,,,,,,,,,,50357059,,,~,,
2025/06/24 04:00,ԉJ,0768100100072,,ߓ,ߋE,Oc,Oc,a̎RU,,,0768100100058,R,,0768100100073,,,0768100100074,u,,,,,,,,,,,,,,,,,,,,,,,,50357088,,,~,,
2025/06/24 04:00,ԉJ,0768100100073,,,ߋE,Rǐ,Rǐ,a̎RU,,,0768100100058,R,,0768100100072,ߓ,,0768100100059,,,,,,,,,,,,,,,,,,,,,,,,,50357171,,,~,,
2025/06/24 04:00,ԉJ,0768100100074,,u,ߋE,,u,a̎RU,,,0768100100058,R,,0768100100075,O,,0768100100059,,,,,,,,,,,,,,,,,,,,,,,,,50357018,,,~,,
2025/06/24 04:00,POJ,0768100100099,,,ߋE,xc,xc,a̎RKU,,23.0,0768100100171,,1.0,0768100100087,I,1.0,0768100100179,,1.0,,,,,,,,,,,,,,,,,,,,,,1.0,50355484,1.5,~,,,Z
2025/06/24 04:10,POJ,0768100100099,,,ߋE,xc,xc,a̎RKU,,21.0,0768100100171,,1.0,0768100100087,I,1.0,0768100100179,,1.0,,,,,,,,,,,,,,,,,,,,,,1.0,50355484,1.5,~,,,Z
2025/06/24 04:20,POJ,0768100100099,,,ߋE,xc,xc,a̎RKU,,20.0,0768100100171,,1.0,0768100100087,I,1.0,0768100100179,,1.0,,,,,,,,,,,,,,,,,,,,,,1.0,50355484,1.5,~,,,Z
2025/06/24 04:30,POJ,0768100100099,,,ߋE,xc,xc,a̎RKU,,20.0,0768100100171,,1.0,0768100100087,I,1.0,0768100100179,,1.0,,,,,,,,,,,,,,,,,,,,,,1.0,50355484,1.5,~,,,Z
2025/06/24 04:40,POJ,0768100100099,,,ߋE,xc,xc,a̎RKU,,19.0,0768100100171,,1.0,0768100100087,I,1.0,0768100100179,,1.0,,,,,,,,,,,,,,,,,,,,,,1.0,50355484,1.6,~,,,Z
2025/06/24 04:50,POJ,0768100100099,,,ߋE,xc,xc,a̎RKU,,18.0,0768100100171,,1.0,0768100100087,I,1.0,0768100100179,,1.0,,,,,,,,,,,,,,,,,,,,,,1.0,50355484,1.9,~,,,Z
2025/06/24 05:00,POJ,0768100100099,,,ߋE,xc,xc,a̎RKU,,17.0,0768100100171,,1.0,0768100100087,I,2.0,0768100100179,,1.0,,,,,,,,,,,,,,,,,,,,,,1.3,50355484,1.9,~,,,Z
2025/06/24 05:00,ԉJ,2207700100010,106021286622070,Vg,ߋE,I̐,I̐,I̐_Ǘ,͐,,0742500100021,,,2207700100013,,,0742500100146,kac,,,,,,,,,,,,,,,,,,,,,,,,51363004,,,,I,
2025/06/24 10:00,ԉJ,0742500100021,,,ߋE,I̐,I̐,gy؎,,,2207700100009,䃖,,2207700100010,Vg,,2207700100013,,,,,,,,,,,,,,,,,,,,,,,,,51362070,,,,~,
2025/06/24 14:00,ԉJ,2205700100107,,c,ߋE,c,c,_ˎs,,,2205700100108,,,2205700100006,Zb,,0716900100165,ɐJ,,,,,,,,,,,,,,,,,,,,,,,,51357075,,,,~,
2025/06/24 15:00,ԉJ,2207700100010,106021286622070,Vg,ߋE,I̐,I̐,I̐_Ǘ,͐,,0742500100021,,,2207700100013,,,0742500100146,kac,,,,,,,,,,,,,,,,,,,,,,,,51363004,,,,~,
2025/06/24 16:00,ԉJ,0614500100161,,_,ߋE,V{,̑,F쌚ݎ,,,0768100100159,F,,0614500100167,,,0614500100164,琶,,,,,,,,,,,,,,,,,,,,,,,,50367030,,,,~,
2025/06/24 16:00,ԉJ,0640100100086,,,ߋE,,,ؔV{y؎,,,0640100100082,,,0640100100085,s,,0640100100129,H,,,,,,,,,,,,,,,,,,,,,,,,53363118,,,,~,
2025/06/24 16:00,ԉJ,0640100100096,,j,ߋE,,j,y؎,,,2209700100021,㍪,,0640100100100,,,2203900100016,Ȑi@\j,,,,,,,,,,,,,,,,,,,,,,,,53350634,,,,~,
2025/06/24 17:00,ԉJ,0665700100070,,,ߋE,Rǐ,,_Ǘ,,,0665700100086,Øa,,0665700100069,,,0460900100027,xz,,,,,,,,,,,,,,,,,,,,,,,,53350421,,,,~,
2025/06/24 20:00,ԉJ,0640100100096,,j,ߋE,,j,y؎,,,2209700100021,㍪,,0640100100100,,,2203900100016,Ȑi@\j,,,,,,,,,,,,,,,,,,,,,,,,53350634,,,,I,
2025/06/24 21:00,ԉJ,0665700100070,,,ߋE,Rǐ,,_Ǘ,,,0665700100086,Øa,,0665700100069,,,0460900100027,xz,,,,,,,,,,,,,,,,,,,,,,,,53350421,,,,I,
2025/06/25 00:00,ԉJ,0614500100161,,_,ߋE,V{,̑,F쌚ݎ,,,0768100100159,F,,0614500100167,,,0614500100164,琶,,,,,,,,,,,,,,,,,,,,,,,,50367030,,,,~,
2025/06/25 02:00,ԉJ,0742500100041,,,ߋE,a,,SRy؎,,,0742500100113,t,,2206900100006,,,0691300100018,i{FJVj,,,,,,,,,,,,,,,,,,,,,,,,51357523,,,,~,
2025/06/25 06:00,ԉJ,0665700100046,,_,ߋE,Rǐ,Rǐ,Oy؎,,,2205100100020,g,,2205100100002,,,0665700100047,]R,,,,,,,,,,,,,,,,,,,,,,,,53350164,,,,~,
2025/06/25 09:00,ԉJ,2207700100010,106021286622070,Vg,ߋE,I̐,I̐,I̐_Ǘ,͐,,0742500100021,,,2207700100013,,,0742500100146,kac,,,,,,,,,,,,,,,,,,,,,,,,51363004,,,,~,
2025/06/25 13:00,ԉJ,0614500100145,,_,ߋE,,,ɉꌚݎ,,,2210700100059,n,,2210700100008,≺2,,0614500100143,k,,,,,,,,,,,,,,,,,,,,,,,,52360167,,,,~,
2025/06/25 14:00,ԉJ,0640100100086,,,ߋE,,,ؔV{y؎,,,0640100100082,,,0640100100085,s,,0640100100129,H,,,,,,,,,,,,,,,,,,,,,,,,53363118,,,,~,
2025/06/25 16:00,ԉJ,0640100100096,,j,ߋE,,j,y؎,,,2209700100021,㍪,,0640100100100,,,2203900100016,Ȑi@\j,,,,,,,,,,,,,,,,,,,,,,,,53350634,,,,~,
2025/06/25 16:00,ԉJ,0665700100070,,,ߋE,Rǐ,,_Ǘ,,,0665700100086,Øa,,0665700100069,,,0460900100027,xz,,,,,,,,,,,,,,,,,,,,,,,,53350421,,,,~,
2025/06/25 16:00,ԉJ,2203900100016,106041900000090,Ȑi@\j,ߋE,,ܐ,@\@iΑǗ,@\,,0640100100100,,,0640100100008,,,0640100100094,Ko[,,,,,,,,,,,,,,,,,,,,,,,,52357740,,,,~,
2025/06/25 20:40,POJ,2207700100002,106011286622030,,ߋE,V{,F,I̐_Ǘ,͐,18.0,0742500100024,V,0.0,0742500100159,ĎR,0.0,2207700100001,,0.0,,,,,,,,,,,,,,,,,,,,,,0.0,51352656,1.8,~,,,
2025/06/25 20:50,POJ,2207700100002,106011286622030,,ߋE,V{,F,I̐_Ǘ,͐,18.0,0742500100024,V,1.0,0742500100159,ĎR,0.0,2207700100001,,1.0,,,,,,,,,,,,,,,,,,,,,,0.6,51352656,1.8,~,,,Z
2025/06/25 21:00,ԉJ,0614500100161,,_,ߋE,V{,̑,F쌚ݎ,,,0768100100159,F,,0614500100167,,,0614500100164,琶,,,,,,,,,,,,,,,,,,,,,,,,50367030,,,,~,
2025/06/25 21:00,POJ,2207700100002,106011286622030,,ߋE,V{,F,I̐_Ǘ,͐,18.0,0742500100024,V,1.0,0742500100159,ĎR,0.0,2207700100001,,1.0,,,,,,,,,,,,,,,,,,,,,,0.6,51352656,1.8,~,,,Z
2025/06/25 21:10,POJ,2207700100002,106011286622030,,ߋE,V{,F,I̐_Ǘ,͐,18.0,0742500100024,V,1.0,0742500100159,ĎR,0.0,2207700100001,,1.0,,,,,,,,,,,,,,,,,,,,,,0.6,51352656,1.8,~,,,Z
2025/06/25 21:20,POJ,2207700100002,106011286622030,,ߋE,V{,F,I̐_Ǘ,͐,18.0,0742500100024,V,1.0,0742500100159,ĎR,0.0,2207700100001,,1.0,,,,,,,,,,,,,,,,,,,,,,0.6,51352656,1.8,~,,,Z
2025/06/25 21:30,POJ,2207700100002,106011286622030,,ߋE,V{,F,I̐_Ǘ,͐,18.0,0742500100024,V,1.0,0742500100159,ĎR,0.0,2207700100001,,1.0,,,,,,,,,,,,,,,,,,,,,,0.6,51352656,1.8,~,,,Z
2025/06/25 21:40,POJ,2207700100002,106011286622030,,ߋE,V{,F,I̐_Ǘ,͐,18.0,0742500100024,V,1.0,0742500100159,ĎR,0.0,2207700100001,,1.0,,,,,,,,,,,,,,,,,,,,,,0.6,51352656,1.8,~,,,Z
2025/06/25 21:50,POJ,2207700100002,106011286622030,,ߋE,V{,F,I̐_Ǘ,͐,18.0,0742500100024,V,1.0,0742500100159,ĎR,0.0,2207700100001,,1.0,,,,,,,,,,,,,,,,,,,,,,0.6,51352656,1.8,~,,,Z
2025/06/26 04:00,ԉJ,0742500100041,,,ߋE,a,,SRy؎,,,0742500100113,t,,2206900100006,,,0691300100018,i{FJVj,,,,,,,,,,,,,,,,,,,,,,,,51357523,,,,~,
2025/06/26 09:50,POJ,0640100100104,,͓J,ߋE,,Γc,Γc_Ǘ,,0.0,0640100100098,ۍ,19.0,0640100100106,V_,11.0,0640100100092,}Lm,22.0,,,,,,,,,,,,,,,,,,,,,,17.7,53351747,24.2,~,,,
2025/06/26 10:00,POJ,0640100100104,,͓J,ߋE,,Γc,Γc_Ǘ,,0.0,0640100100098,ۍ,19.0,0640100100106,V_,11.0,0640100100092,}Lm,23.0,,,,,,,,,,,,,,,,,,,,,,18.0,53351747,24.2,~,,,Z
2025/06/26 10:10,POJ,0640100100104,,͓J,ߋE,,Γc,Γc_Ǘ,,0.0,0640100100098,ۍ,20.0,0640100100106,V_,11.0,0640100100092,}Lm,23.0,,,,,,,,,,,,,,,,,,,,,,18.4,53351747,24.9,~,,,Z
2025/06/26 10:20,POJ,0640100100104,,͓J,ߋE,,Γc,Γc_Ǘ,,0.0,0640100100098,ۍ,20.0,0640100100106,V_,12.0,0640100100092,}Lm,23.0,,,,,,,,,,,,,,,,,,,,,,18.7,53351747,24.9,~,,,Z
2025/06/26 10:30,POJ,0640100100104,,͓J,ߋE,,Γc,Γc_Ǘ,,0.0,0640100100098,ۍ,20.0,0640100100106,V_,12.0,0640100100092,}Lm,23.0,,,,,,,,,,,,,,,,,,,,,,18.7,53351747,25.3,~,,,Z
2025/06/26 10:40,POJ,0640100100104,,͓J,ߋE,,Γc,Γc_Ǘ,,0.0,0640100100098,ۍ,20.0,0640100100106,V_,12.0,0640100100092,}Lm,23.0,,,,,,,,,,,,,,,,,,,,,,18.7,53351747,25.9,~,,,Z
2025/06/26 12:00,ԉJ,0614500100161,,_,ߋE,V{,̑,F쌚ݎ,,,0768100100159,F,,0614500100167,,,0614500100164,琶,,,,,,,,,,,,,,,,,,,,,,,,50367030,,,,~,
2025/06/26 13:00,ԉJ,0614500100145,,_,ߋE,,,ɉꌚݎ,,,2210700100059,n,,2210700100008,≺2,,0614500100143,k,,,,,,,,,,,,,,,,,,,,,,,,52360167,,,,~,
2025/06/26 13:00,ԉJ,0742500100041,,,ߋE,a,,SRy؎,,,0742500100113,t,,2206900100006,,,0691300100018,i{FJVj,,,,,,,,,,,,,,,,,,,,,,,,51357523,,,,~,
2025/06/26 13:30,POJ,2210700100033,106041286617375,[2,ߋE,,F,ؒÐ㗬͐쎖,͐,0.0,0742500100137,ؒ,3.0,2206700100028,qi@\j,46.0,0742500100136,p,29.0,,,,,,,,,,,,,,,,,,,,,,26.5,51365052,22.5,~,,,
2025/06/26 13:40,POJ,2210700100033,106041286617375,[2,ߋE,,F,ؒÐ㗬͐쎖,͐,0.0,0742500100137,ؒ,8.0,2206700100028,qi@\j,49.0,0742500100136,p,35.0,,,,,,,,,,,,,,,,,,,,,,31.1,51365052,34.0,~,,,Z
2025/06/26 13:50,POJ,2210700100033,106041286617375,[2,ߋE,,F,ؒÐ㗬͐쎖,͐,0.0,0742500100137,ؒ,14.0,2206700100028,qi@\j,56.0,0742500100136,p,40.0,,,,,,,,,,,,,,,,,,,,,,37.1,51365052,39.6,~,,,Z
2025/06/26 14:00,ԉJ,2203900100016,106041900000090,Ȑi@\j,ߋE,,ܐ,@\@iΑǗ,@\,,0640100100100,,,0640100100008,,,0640100100094,Ko[,,,,,,,,,,,,,,,,,,,,,,,,52357740,,,,~,
2025/06/26 14:00,ԉJ,2207700100010,106021286622070,Vg,ߋE,I̐,I̐,I̐_Ǘ,͐,,0742500100021,,,2207700100013,,,0742500100146,kac,,,,,,,,,,,,,,,,,,,,,,,,51363004,,,,~,
2025/06/26 14:00,ԉJ,2208700100023,106021286614220,ܞ,ߋE,I̐,I̐,a̎R͐썑,͐,,0742500100165,񌩒,,0742500100162,,,0742500100025,ܞ,,,,,,,,,,,,,,,,,,,,,,,,51354515,,,~,,
2025/06/26 14:00,POJ,2210700100033,106041286617375,[2,ߋE,,F,ؒÐ㗬͐쎖,͐,0.0,0742500100137,ؒ,14.0,2206700100028,qi@\j,61.0,0742500100136,p,46.0,,,,,,,,,,,,,,,,,,,,,,40.8,51365052,42.1,~,,,Z
2025/06/26 14:10,POJ,2210700100033,106041286617375,[2,ߋE,,F,ؒÐ㗬͐쎖,͐,1.0,0742500100137,ؒ,14.0,2206700100028,qi@\j,63.0,0742500100136,p,50.0,,,,,,,,,,,,,,,,,,,,,,42.7,51365052,43.6,~,,,Z
2025/06/26 14:20,POJ,2210700100033,106041286617375,[2,ߋE,,F,ؒÐ㗬͐쎖,͐,1.0,0742500100137,ؒ,14.0,2206700100028,qi@\j,67.0,0742500100136,p,55.0,,,,,,,,,,,,,,,,,,,,,,45.6,51365052,46.7,~,,,Z
2025/06/26 14:30,POJ,2210700100033,106041286617375,[2,ߋE,,F,ؒÐ㗬͐쎖,͐,1.0,0742500100137,ؒ,14.0,2206700100028,qi@\j,69.0,0742500100136,p,61.0,,,,,,,,,,,,,,,,,,,,,,48.2,51365052,55.7,~,,,Z
2025/06/26 14:40,POJ,2210700100033,106041286617375,[2,ߋE,,F,ؒÐ㗬͐쎖,͐,1.0,0742500100137,ؒ,14.0,2206700100028,qi@\j,78.0,0742500100136,p,63.0,,,,,,,,,,,,,,,,,,,,,,52.0,51365052,59.1,~,,,Z
2025/06/26 14:50,POJ,2210700100033,106041286617375,[2,ߋE,,F,ؒÐ㗬͐쎖,͐,2.0,0742500100137,ؒ,14.0,2206700100028,qi@\j,79.0,0742500100136,p,69.0,,,,,,,,,,,,,,,,,,,,,,54.2,51365052,62.9,~,,,Z
2025/06/26 15:00,ԉJ,0768100100019,,J,ߋE,I̐,,ɓsU,,,0691300100024,։,,0768100100015,,,2208700100024,OJ,,,,,,,,,,,,,,,,,,,,,,,,51354403,,,~,,
2025/06/26 15:00,POJ,2210700100033,106041286617375,[2,ߋE,,F,ؒÐ㗬͐쎖,͐,2.0,0742500100137,ؒ,14.0,2206700100028,qi@\j,76.0,0742500100136,p,73.0,,,,,,,,,,,,,,,,,,,,,,54.3,51365052,64.0,~,,,Z
2025/06/26 15:10,POJ,2210700100033,106041286617375,[2,ߋE,,F,ؒÐ㗬͐쎖,͐,3.0,0742500100137,ؒ,15.0,2206700100028,qi@\j,80.0,0742500100136,p,72.0,,,,,,,,,,,,,,,,,,,,,,55.8,51365052,63.0,~,,,Z
2025/06/26 15:20,POJ,2210700100033,106041286617375,[2,ߋE,,F,ؒÐ㗬͐쎖,͐,3.0,0742500100137,ؒ,13.0,2206700100028,qi@\j,83.0,0742500100136,p,72.0,,,,,,,,,,,,,,,,,,,,,,56.2,51365052,63.6,~,,,Z
2025/06/26 15:30,POJ,2210700100033,106041286617375,[2,ߋE,,F,ؒÐ㗬͐쎖,͐,4.0,0742500100137,ؒ,13.0,2206700100028,qi@\j,92.0,0742500100136,p,74.0,,,,,,,,,,,,,,,,,,,,,,60.1,51365052,64.2,~,,,Z
2025/06/26 15:40,POJ,2210700100033,106041286617375,[2,ߋE,,F,ؒÐ㗬͐쎖,͐,4.0,0742500100137,ؒ,13.0,2206700100028,qi@\j,99.0,0742500100136,p,74.0,,,,,,,,,,,,,,,,,,,,,,62.7,51365052,77.7,~,,,Z
2025/06/26 15:50,POJ,2210700100033,106041286617375,[2,ߋE,,F,ؒÐ㗬͐쎖,͐,4.0,0742500100137,ؒ,20.0,2206700100028,qi@\j,101.0,0742500100136,p,82.0,,,,,,,,,,,,,,,,,,,,,,68.1,51365052,83.1,~,,,Z
2025/06/26 16:00,ԉJ,0640100100096,,j,ߋE,,j,y؎,,,2209700100021,㍪,,0640100100100,,,2203900100016,Ȑi@\j,,,,,,,,,,,,,,,,,,,,,,,,53350634,,,,~,
2025/06/26 16:00,POJ,2210700100033,106041286617375,[2,ߋE,,F,ؒÐ㗬͐쎖,͐,5.0,0742500100137,ؒ,22.0,2206700100028,qi@\j,101.0,0742500100136,p,85.0,,,,,,,,,,,,,,,,,,,,,,69.7,51365052,86.8,~,,,Z
2025/06/26 16:10,POJ,2210700100033,106041286617375,[2,ߋE,,F,ؒÐ㗬͐쎖,͐,6.0,0742500100137,ؒ,28.0,2206700100028,qi@\j,90.0,0742500100136,p,86.0,,,,,,,,,,,,,,,,,,,,,,68.0,51365052,86.2,~,,,Z
2025/06/26 16:20,POJ,2210700100033,106041286617375,[2,ߋE,,F,ؒÐ㗬͐쎖,͐,6.0,0742500100137,ؒ,29.0,2206700100028,qi@\j,84.0,0742500100136,p,84.0,,,,,,,,,,,,,,,,,,,,,,65.5,51365052,80.7,~,,,Z
2025/06/26 16:30,POJ,2210700100033,106041286617375,[2,ߋE,,F,ؒÐ㗬͐쎖,͐,7.0,0742500100137,ؒ,33.0,2206700100028,qi@\j,79.0,0742500100136,p,76.0,,,,,,,,,,,,,,,,,,,,,,62.7,51365052,76.0,~,,,Z
2025/06/26 16:40,POJ,2210700100033,106041286617375,[2,ߋE,,F,ؒÐ㗬͐쎖,͐,8.0,0742500100137,ؒ,28.0,2206700100028,qi@\j,76.0,0742500100136,p,70.0,,,,,,,,,,,,,,,,,,,,,,58.1,51365052,65.0,~,,,Z
2025/06/26 16:50,POJ,2210700100033,106041286617375,[2,ߋE,,F,ؒÐ㗬͐쎖,͐,8.0,0742500100137,ؒ,24.0,2206700100028,qi@\j,68.0,0742500100136,p,65.0,,,,,,,,,,,,,,,,,,,,,,52.3,51365052,60.3,~,,,Z
2025/06/26 17:00,ԉJ,0640100100086,,,ߋE,,,ؔV{y؎,,,0640100100082,,,0640100100085,s,,0640100100129,H,,,,,,,,,,,,,,,,,,,,,,,,53363118,,,,~,
2025/06/26 17:00,ԉJ,0665700100070,,,ߋE,Rǐ,,_Ǘ,,,0665700100086,Øa,,0665700100069,,,0460900100027,xz,,,,,,,,,,,,,,,,,,,,,,,,53350421,,,,~,
2025/06/26 17:00,POJ,2210700100033,106041286617375,[2,ߋE,,F,ؒÐ㗬͐쎖,͐,9.0,0742500100137,ؒ,26.0,2206700100028,qi@\j,63.0,0742500100136,p,59.0,,,,,,,,,,,,,,,,,,,,,,49.4,51365052,58.6,~,,,Z
2025/06/26 17:10,POJ,2210700100033,106041286617375,[2,ߋE,,F,ؒÐ㗬͐쎖,͐,9.0,0742500100137,ؒ,31.0,2206700100028,qi@\j,63.0,0742500100136,p,54.0,,,,,,,,,,,,,,,,,,,,,,49.6,51365052,58.0,~,,,Z
2025/06/26 17:20,POJ,2210700100033,106041286617375,[2,ߋE,,F,ؒÐ㗬͐쎖,͐,11.0,0742500100137,ؒ,33.0,2206700100028,qi@\j,61.0,0742500100136,p,51.0,,,,,,,,,,,,,,,,,,,,,,48.6,51365052,56.5,~,,,Z
2025/06/26 20:00,ԉJ,0640100100096,,j,ߋE,,j,y؎,,,2209700100021,㍪,,0640100100100,,,2203900100016,Ȑi@\j,,,,,,,,,,,,,,,,,,,,,,,,53350634,,,,I,
2025/06/26 20:50,POJ,2210700100033,106041286617375,[2,ߋE,,F,ؒÐ㗬͐쎖,͐,17.0,0742500100137,ؒ,0.0,2206700100028,qi@\j,0.0,0742500100136,p,2.0,,,,,,,,,,,,,,,,,,,,,,0.6,51365052,0.0,~,,,
2025/06/26 21:00,ԉJ,0665700100070,,,ߋE,Rǐ,,_Ǘ,,,0665700100086,Øa,,0665700100069,,,0460900100027,xz,,,,,,,,,,,,,,,,,,,,,,,,53350421,,,,I,
2025/06/26 21:00,POJ,2210700100033,106041286617375,[2,ߋE,,F,ؒÐ㗬͐쎖,͐,17.0,0742500100137,ؒ,0.0,2206700100028,qi@\j,0.0,0742500100136,p,1.0,,,,,,,,,,,,,,,,,,,,,,0.3,51365052,0.0,~,,,Z
2025/06/26 21:10,POJ,2210700100033,106041286617375,[2,ߋE,,F,ؒÐ㗬͐쎖,͐,17.0,0742500100137,ؒ,0.0,2206700100028,qi@\j,0.0,0742500100136,p,1.0,,,,,,,,,,,,,,,,,,,,,,0.3,51365052,0.0,~,,,Z
2025/06/26 21:20,POJ,2210700100033,106041286617375,[2,ߋE,,F,ؒÐ㗬͐쎖,͐,17.0,0742500100137,ؒ,0.0,2206700100028,qi@\j,0.0,0742500100136,p,1.0,,,,,,,,,,,,,,,,,,,,,,0.3,51365052,0.0,~,,,Z
2025/06/26 21:30,POJ,2210700100033,106041286617375,[2,ߋE,,F,ؒÐ㗬͐쎖,͐,16.0,0742500100137,ؒ,0.0,2206700100028,qi@\j,0.0,0742500100136,p,1.0,,,,,,,,,,,,,,,,,,,,,,0.3,51365052,0.0,~,,,Z
2025/06/26 21:40,POJ,2210700100033,106041286617375,[2,ߋE,,F,ؒÐ㗬͐쎖,͐,16.0,0742500100137,ؒ,0.0,2206700100028,qi@\j,0.0,0742500100136,p,1.0,,,,,,,,,,,,,,,,,,,,,,0.3,51365052,0.0,~,,,Z
2025/06/26 21:50,POJ,2210700100033,106041286617375,[2,ߋE,,F,ؒÐ㗬͐쎖,͐,16.0,0742500100137,ؒ,0.0,2206700100028,qi@\j,0.0,0742500100136,p,1.0,,,,,,,,,,,,,,,,,,,,,,0.3,51365052,0.0,~,,,Z
2025/06/26 22:00,ԉJ,0614500100161,,_,ߋE,V{,̑,F쌚ݎ,,,0768100100159,F,,0614500100167,,,0614500100164,琶,,,,,,,,,,,,,,,,,,,,,,,,50367030,,,,~,
2025/06/26 22:00,POJ,2210700100033,106041286617375,[2,ߋE,,F,ؒÐ㗬͐쎖,͐,16.0,0742500100137,ؒ,0.0,2206700100028,qi@\j,0.0,0742500100136,p,1.0,,,,,,,,,,,,,,,,,,,,,,0.3,51365052,0.0,~,,,Z
2025/06/26 22:10,POJ,2210700100033,106041286617375,[2,ߋE,,F,ؒÐ㗬͐쎖,͐,16.0,0742500100137,ؒ,0.0,2206700100028,qi@\j,0.0,0742500100136,p,1.0,,,,,,,,,,,,,,,,,,,,,,0.3,51365052,0.0,~,,,Z
2025/06/26 22:20,POJ,2210700100033,106041286617375,[2,ߋE,,F,ؒÐ㗬͐쎖,͐,16.0,0742500100137,ؒ,0.0,2206700100028,qi@\j,0.0,0742500100136,p,1.0,,,,,,,,,,,,,,,,,,,,,,0.3,51365052,0.0,~,,,Z
2025/06/26 22:30,POJ,2210700100033,106041286617375,[2,ߋE,,F,ؒÐ㗬͐쎖,͐,15.0,0742500100137,ؒ,0.0,2206700100028,qi@\j,0.0,0742500100136,p,1.0,,,,,,,,,,,,,,,,,,,,,,0.3,51365052,0.0,~,,,Z
2025/06/26 22:40,POJ,2210700100033,106041286617375,[2,ߋE,,F,ؒÐ㗬͐쎖,͐,15.0,0742500100137,ؒ,0.0,2206700100028,qi@\j,0.0,0742500100136,p,1.0,,,,,,,,,,,,,,,,,,,,,,0.3,51365052,0.0,~,,,Z
2025/06/26 22:50,POJ,2210700100033,106041286617375,[2,ߋE,,F,ؒÐ㗬͐쎖,͐,15.0,0742500100137,ؒ,0.0,2206700100028,qi@\j,0.0,0742500100136,p,1.0,,,,,,,,,,,,,,,,,,,,,,0.3,51365052,0.0,~,,,Z
2025/06/26 23:00,POJ,2210700100033,106041286617375,[2,ߋE,,F,ؒÐ㗬͐쎖,͐,14.0,0742500100137,ؒ,0.0,2206700100028,qi@\j,0.0,0742500100136,p,1.0,,,,,,,,,,,,,,,,,,,,,,0.3,51365052,0.0,~,,,Z
2025/06/26 23:10,POJ,2210700100033,106041286617375,[2,ߋE,,F,ؒÐ㗬͐쎖,͐,14.0,0742500100137,ؒ,0.0,2206700100028,qi@\j,0.0,0742500100136,p,1.0,,,,,,,,,,,,,,,,,,,,,,0.3,51365052,0.0,~,,,Z
2025/06/26 23:20,POJ,2210700100033,106041286617375,[2,ߋE,,F,ؒÐ㗬͐쎖,͐,14.0,0742500100137,ؒ,0.0,2206700100028,qi@\j,0.0,0742500100136,p,1.0,,,,,,,,,,,,,,,,,,,,,,0.3,51365052,0.0,~,,,Z
2025/06/26 23:30,POJ,2210700100033,106041286617375,[2,ߋE,,F,ؒÐ㗬͐쎖,͐,14.0,0742500100137,ؒ,0.0,2206700100028,qi@\j,0.0,0742500100136,p,0.0,,,,,,,,,,,,,,,,,,,,,,0.0,51365052,0.0,~,,,Z
2025/06/26 23:40,POJ,2210700100033,106041286617375,[2,ߋE,,F,ؒÐ㗬͐쎖,͐,14.0,0742500100137,ؒ,0.0,2206700100028,qi@\j,0.0,0742500100136,p,0.0,,,,,,,,,,,,,,,,,,,,,,0.0,51365052,0.0,~,,,Z
2025/06/26 23:50,POJ,2210700100033,106041286617375,[2,ߋE,,F,ؒÐ㗬͐쎖,͐,14.0,0742500100137,ؒ,0.0,2206700100028,qi@\j,0.0,0742500100136,p,0.0,,,,,,,,,,,,,,,,,,,,,,0.0,51365052,0.0,~,,,Z
2025/06/27 00:00,POJ,2210700100033,106041286617375,[2,ߋE,,F,ؒÐ㗬͐쎖,͐,14.0,0742500100137,ؒ,0.0,2206700100028,qi@\j,0.0,0742500100136,p,0.0,,,,,,,,,,,,,,,,,,,,,,0.0,51365052,0.0,~,,,Z
2025/06/27 00:10,POJ,2210700100033,106041286617375,[2,ߋE,,F,ؒÐ㗬͐쎖,͐,13.0,0742500100137,ؒ,0.0,2206700100028,qi@\j,0.0,0742500100136,p,0.0,,,,,,,,,,,,,,,,,,,,,,0.0,51365052,0.0,~,,,Z
2025/06/27 00:20,POJ,2210700100033,106041286617375,[2,ߋE,,F,ؒÐ㗬͐쎖,͐,13.0,0742500100137,ؒ,0.0,2206700100028,qi@\j,0.0,0742500100136,p,0.0,,,,,,,,,,,,,,,,,,,,,,0.0,51365052,0.0,~,,,Z
2025/06/27 00:30,POJ,2210700100033,106041286617375,[2,ߋE,,F,ؒÐ㗬͐쎖,͐,14.0,0742500100137,ؒ,0.0,2206700100028,qi@\j,0.0,0742500100136,p,0.0,,,,,,,,,,,,,,,,,,,,,,0.0,51365052,0.0,~,,,Z
2025/06/27 00:40,POJ,2210700100033,106041286617375,[2,ߋE,,F,ؒÐ㗬͐쎖,͐,13.0,0742500100137,ؒ,0.0,2206700100028,qi@\j,0.0,0742500100136,p,0.0,,,,,,,,,,,,,,,,,,,,,,0.0,51365052,0.0,~,,,Z
2025/06/27 00:50,POJ,2210700100033,106041286617375,[2,ߋE,,F,ؒÐ㗬͐쎖,͐,13.0,0742500100137,ؒ,0.0,2206700100028,qi@\j,0.0,0742500100136,p,0.0,,,,,,,,,,,,,,,,,,,,,,0.0,51365052,0.0,~,,,Z
2025/06/27 01:00,POJ,2210700100033,106041286617375,[2,ߋE,,F,ؒÐ㗬͐쎖,͐,12.0,0742500100137,ؒ,0.0,2206700100028,qi@\j,0.0,0742500100136,p,0.0,,,,,,,,,,,,,,,,,,,,,,0.0,51365052,0.0,~,,,Z
2025/06/27 01:10,POJ,2210700100033,106041286617375,[2,ߋE,,F,ؒÐ㗬͐쎖,͐,12.0,0742500100137,ؒ,0.0,2206700100028,qi@\j,0.0,0742500100136,p,0.0,,,,,,,,,,,,,,,,,,,,,,0.0,51365052,0.0,~,,,Z
2025/06/27 01:20,POJ,2210700100033,106041286617375,[2,ߋE,,F,ؒÐ㗬͐쎖,͐,12.0,0742500100137,ؒ,0.0,2206700100028,qi@\j,0.0,0742500100136,p,0.0,,,,,,,,,,,,,,,,,,,,,,0.0,51365052,0.0,~,,,Z
2025/06/27 01:30,POJ,2210700100033,106041286617375,[2,ߋE,,F,ؒÐ㗬͐쎖,͐,12.0,0742500100137,ؒ,0.0,2206700100028,qi@\j,0.0,0742500100136,p,0.0,,,,,,,,,,,,,,,,,,,,,,0.0,51365052,0.0,~,,,Z
2025/06/27 01:40,POJ,2210700100033,106041286617375,[2,ߋE,,F,ؒÐ㗬͐쎖,͐,12.0,0742500100137,ؒ,0.0,2206700100028,qi@\j,0.0,0742500100136,p,0.0,,,,,,,,,,,,,,,,,,,,,,0.0,51365052,0.0,~,,,Z
2025/06/27 01:50,POJ,2210700100033,106041286617375,[2,ߋE,,F,ؒÐ㗬͐쎖,͐,11.0,0742500100137,ؒ,0.0,2206700100028,qi@\j,0.0,0742500100136,p,0.0,,,,,,,,,,,,,,,,,,,,,,0.0,51365052,0.0,~,,,Z
2025/06/27 02:00,POJ,2210700100033,106041286617375,[2,ߋE,,F,ؒÐ㗬͐쎖,͐,12.0,0742500100137,ؒ,0.0,2206700100028,qi@\j,0.0,0742500100136,p,0.0,,,,,,,,,,,,,,,,,,,,,,0.0,51365052,0.0,~,,,Z
2025/06/27 02:10,POJ,2210700100033,106041286617375,[2,ߋE,,F,ؒÐ㗬͐쎖,͐,12.0,0742500100137,ؒ,0.0,2206700100028,qi@\j,0.0,0742500100136,p,0.0,,,,,,,,,,,,,,,,,,,,,,0.0,51365052,0.0,~,,,Z
2025/06/27 02:20,POJ,2210700100033,106041286617375,[2,ߋE,,F,ؒÐ㗬͐쎖,͐,11.0,0742500100137,ؒ,0.0,2206700100028,qi@\j,0.0,0742500100136,p,0.0,,,,,,,,,,,,,,,,,,,,,,0.0,51365052,0.0,~,,,Z
2025/06/27 02:30,POJ,2210700100033,106041286617375,[2,ߋE,,F,ؒÐ㗬͐쎖,͐,11.0,0742500100137,ؒ,0.0,2206700100028,qi@\j,0.0,0742500100136,p,0.0,,,,,,,,,,,,,,,,,,,,,,0.0,51365052,0.0,~,,,Z
2025/06/27 02:40,POJ,2210700100033,106041286617375,[2,ߋE,,F,ؒÐ㗬͐쎖,͐,11.0,0742500100137,ؒ,0.0,2206700100028,qi@\j,0.0,0742500100136,p,0.0,,,,,,,,,,,,,,,,,,,,,,0.0,51365052,0.0,~,,,Z
2025/06/27 02:50,POJ,2210700100033,106041286617375,[2,ߋE,,F,ؒÐ㗬͐쎖,͐,11.0,0742500100137,ؒ,0.0,2206700100028,qi@\j,0.0,0742500100136,p,0.0,,,,,,,,,,,,,,,,,,,,,,0.0,51365052,0.0,~,,,Z
2025/06/27 04:00,ԉJ,0716900100173,,k,ߋE,,,˓y؎,,,0716900100172,,,2207000100003,c,,2207000100002,哇2,,,,,,,,,,,,,,,,,,,,,,,,52353227,,,,~,
2025/06/27 06:00,ԉJ,0742500100041,,,ߋE,a,,SRy؎,,,0742500100113,t,,2206900100006,,,0691300100018,i{FJVj,,,,,,,,,,,,,,,,,,,,,,,,51357523,,,,~,
2025/06/27 09:00,ԉJ,2203900100016,106041900000090,Ȑi@\j,ߋE,,ܐ,@\@iΑǗ,@\,,0640100100100,,,0640100100008,,,0640100100094,Ko[,,,,,,,,,,,,,,,,,,,,,,,,52357740,,,,~,
2025/06/27 11:00,ԉJ,0640100100096,,j,ߋE,,j,y؎,,,2209700100021,㍪,,0640100100100,,,2203900100016,Ȑi@\j,,,,,,,,,,,,,,,,,,,,,,,,53350634,,,,~,
2025/06/27 13:00,ԉJ,0614500100101,,,ߋE,,̑,Áivjݎ,,,2210700100053,ǘH,0.0,2210700100006,Yi@\j,0.0,2206700100017,i@\j,0.0,,,,,,,,,,,,,,,,,,,,,,0.0,51366134,0.0,,,~,
2025/06/27 13:00,ԉJ,0614500100145,,_,ߋE,,,ɉꌚݎ,,,2210700100059,n,,2210700100008,≺2,,0614500100143,k,,,,,,,,,,,,,,,,,,,,,,,,52360167,,,,~,
2025/06/27 13:00,ԉJ,0614500100161,,_,ߋE,V{,̑,F쌚ݎ,,,0768100100159,F,,0614500100167,,,0614500100164,琶,,,,,,,,,,,,,,,,,,,,,,,,50367030,,,,~,
2025/06/27 13:00,ԉJ,0716900100073,,s,ߋE,Rǐ,|c,Ogy؎,,,2205100100007,k{,,0716900100144,X,,0716900100072,,,,,,,,,,,,,,,,,,,,,,,,,52356140,,,,~,
2025/06/27 14:00,ԉJ,0665700100100,,c,ߋE,ߋȆ,|,Oy؎,,,0665700100063,F,,0665700100059,R,,0665700100062,Ԗ싴,,,,,,,,,,,,,,,,,,,,,,,,53354038,,,,~,
2025/06/27 18:00,ԉJ,0665700100100,,c,ߋE,ߋȆ,|,Oy؎,,,0665700100063,F,,0665700100059,R,,0665700100062,Ԗ싴,,,,,,,,,,,,,,,,,,,,,,,,53354038,,,,I,
2025/06/27 21:00,ԉJ,0614500100161,,_,ߋE,V{,̑,F쌚ݎ,,,0768100100159,F,,0614500100167,,,0614500100164,琶,,,,,,,,,,,,,,,,,,,,,,,,50367030,,,,~,
2025/06/27 23:00,ԉJ,0640100100096,,j,ߋE,,j,y؎,,,2209700100021,㍪,,0640100100100,,,2203900100016,Ȑi@\j,,,,,,,,,,,,,,,,,,,,,,,,53350634,,,,~,
2025/06/28 05:00,ԉJ,0742500100041,,,ߋE,a,,SRy؎,,,0742500100113,t,,2206900100006,,,0691300100018,i{FJVj,,,,,,,,,,,,,,,,,,,,,,,,51357523,,,,~,
2025/06/28 09:00,ԉJ,0716900100173,,k,ߋE,,,˓y؎,,,0716900100172,,,2207000100003,c,,2207000100002,哇2,,,,,,,,,,,,,,,,,,,,,,,,52353227,,,,~,
2025/06/28 12:00,ԉJ,0640100100096,,j,ߋE,,j,y؎,,,2209700100021,㍪,,0640100100100,,,2203900100016,Ȑi@\j,,,,,,,,,,,,,,,,,,,,,,,,53350634,,,,~,
2025/06/28 12:00,POJ,2210700100033,106041286617375,[2,ߋE,,F,ؒÐ㗬͐쎖,͐,12.0,0742500100137,ؒ,0.0,2206700100028,qi@\j,0.0,0742500100136,p,0.0,,,,,,,,,,,,,,,,,,,,,,0.0,51365052,0.0,~,,,
2025/06/28 12:10,POJ,2210700100033,106041286617375,[2,ߋE,,F,ؒÐ㗬͐쎖,͐,12.0,0742500100137,ؒ,0.0,2206700100028,qi@\j,0.0,0742500100136,p,0.0,,,,,,,,,,,,,,,,,,,,,,0.0,51365052,0.0,~,,,Z
2025/06/28 12:20,POJ,2210700100033,106041286617375,[2,ߋE,,F,ؒÐ㗬͐쎖,͐,13.0,0742500100137,ؒ,0.0,2206700100028,qi@\j,0.0,0742500100136,p,0.0,,,,,,,,,,,,,,,,,,,,,,0.0,51365052,0.0,~,,,Z
2025/06/28 12:30,POJ,2210700100033,106041286617375,[2,ߋE,,F,ؒÐ㗬͐쎖,͐,14.0,0742500100137,ؒ,0.0,2206700100028,qi@\j,0.0,0742500100136,p,0.0,,,,,,,,,,,,,,,,,,,,,,0.0,51365052,0.0,~,,,Z
2025/06/28 12:40,POJ,2210700100033,106041286617375,[2,ߋE,,F,ؒÐ㗬͐쎖,͐,14.0,0742500100137,ؒ,0.0,2206700100028,qi@\j,0.0,0742500100136,p,0.0,,,,,,,,,,,,,,,,,,,,,,0.0,51365052,0.0,~,,,Z
2025/06/28 12:50,POJ,2210700100033,106041286617375,[2,ߋE,,F,ؒÐ㗬͐쎖,͐,14.0,0742500100137,ؒ,0.0,2206700100028,qi@\j,0.0,0742500100136,p,0.0,,,,,,,,,,,,,,,,,,,,,,0.0,51365052,0.0,~,,,Z
2025/06/28 13:00,ԉJ,0614500100161,,_,ߋE,V{,̑,F쌚ݎ,,,0768100100159,F,,0614500100167,,,0614500100164,琶,,,,,,,,,,,,,,,,,,,,,,,,50367030,,,,~,
2025/06/28 13:00,ԉJ,0640100100083,,Y,ߋE,,Y,ؔV{y؎,,,0640100100097,,,0640100100088,B|,,2203900100007,}Lm,,,,,,,,,,,,,,,,,,,,,,,,53361099,,,,~,
2025/06/28 13:00,ԉJ,0640100100086,,,ߋE,,,ؔV{y؎,,,0640100100082,,,0640100100085,s,,0640100100129,H,,,,,,,,,,,,,,,,,,,,,,,,53363118,,,,~,
2025/06/28 13:00,ԉJ,0665700100070,,,ߋE,Rǐ,,_Ǘ,,,0665700100086,Øa,,0665700100069,,,0460900100027,xz,,,,,,,,,,,,,,,,,,,,,,,,53350421,,,,~,
2025/06/28 13:00,POJ,2210700100033,106041286617375,[2,ߋE,,F,ؒÐ㗬͐쎖,͐,14.0,0742500100137,ؒ,0.0,2206700100028,qi@\j,0.0,0742500100136,p,0.0,,,,,,,,,,,,,,,,,,,,,,0.0,51365052,0.0,~,,,Z
2025/06/28 13:10,POJ,2210700100033,106041286617375,[2,ߋE,,F,ؒÐ㗬͐쎖,͐,13.0,0742500100137,ؒ,0.0,2206700100028,qi@\j,0.0,0742500100136,p,0.0,,,,,,,,,,,,,,,,,,,,,,0.0,51365052,0.0,~,,,Z
2025/06/28 13:20,POJ,2210700100033,106041286617375,[2,ߋE,,F,ؒÐ㗬͐쎖,͐,13.0,0742500100137,ؒ,0.0,2206700100028,qi@\j,0.0,0742500100136,p,0.0,,,,,,,,,,,,,,,,,,,,,,0.0,51365052,0.0,~,,,Z
2025/06/28 13:30,POJ,2210700100033,106041286617375,[2,ߋE,,F,ؒÐ㗬͐쎖,͐,12.0,0742500100137,ؒ,0.0,2206700100028,qi@\j,0.0,0742500100136,p,0.0,,,,,,,,,,,,,,,,,,,,,,0.0,51365052,0.0,~,,,Z
2025/06/28 13:40,POJ,2210700100033,106041286617375,[2,ߋE,,F,ؒÐ㗬͐쎖,͐,12.0,0742500100137,ؒ,0.0,2206700100028,qi@\j,0.0,0742500100136,p,0.0,,,,,,,,,,,,,,,,,,,,,,0.0,51365052,0.0,~,,,Z
2025/06/28 13:50,POJ,2210700100033,106041286617375,[2,ߋE,,F,ؒÐ㗬͐쎖,͐,12.0,0742500100137,ؒ,0.0,2206700100028,qi@\j,0.0,0742500100136,p,0.0,,,,,,,,,,,,,,,,,,,,,,0.0,51365052,0.0,~,,,Z
2025/06/28 14:00,POJ,2210700100033,106041286617375,[2,ߋE,,F,ؒÐ㗬͐쎖,͐,12.0,0742500100137,ؒ,0.0,2206700100028,qi@\j,0.0,0742500100136,p,0.0,,,,,,,,,,,,,,,,,,,,,,0.0,51365052,0.0,~,,,Z
2025/06/28 14:10,POJ,2210700100033,106041286617375,[2,ߋE,,F,ؒÐ㗬͐쎖,͐,12.0,0742500100137,ؒ,0.0,2206700100028,qi@\j,0.0,0742500100136,p,0.0,,,,,,,,,,,,,,,,,,,,,,0.0,51365052,0.0,~,,,Z
2025/06/28 14:20,POJ,2210700100033,106041286617375,[2,ߋE,,F,ؒÐ㗬͐쎖,͐,11.0,0742500100137,ؒ,0.0,2206700100028,qi@\j,0.0,0742500100136,p,0.0,,,,,,,,,,,,,,,,,,,,,,0.0,51365052,0.0,~,,,Z
2025/06/28 14:30,POJ,2210700100033,106041286617375,[2,ߋE,,F,ؒÐ㗬͐쎖,͐,11.0,0742500100137,ؒ,0.0,2206700100028,qi@\j,0.0,0742500100136,p,0.0,,,,,,,,,,,,,,,,,,,,,,0.0,51365052,0.0,~,,,Z
2025/06/28 14:40,POJ,2210700100033,106041286617375,[2,ߋE,,F,ؒÐ㗬͐쎖,͐,12.0,0742500100137,ؒ,0.0,2206700100028,qi@\j,0.0,0742500100136,p,0.0,,,,,,,,,,,,,,,,,,,,,,0.0,51365052,0.0,~,,,Z
2025/06/28 14:50,POJ,2210700100033,106041286617375,[2,ߋE,,F,ؒÐ㗬͐쎖,͐,11.0,0742500100137,ؒ,0.0,2206700100028,qi@\j,0.0,0742500100136,p,0.0,,,,,,,,,,,,,,,,,,,,,,0.0,51365052,0.0,~,,,Z
2025/06/28 15:00,ԉJ,0640100100054,,gJ,ߋE,,m,i_Ǘ,,,0640100100043,,,0640100100058,唋,,0640100100066,Sώ,,,,,,,,,,,,,,,,,,,,,,,,52365259,,,,~,
2025/06/28 15:00,ԉJ,0640100100055,,N,ߋE,,m,i_Ǘ,,,0640100100054,gJ,,0640100100051,Ξ,,0640100100061,N,,,,,,,,,,,,,,,,,,,,,,,,52365382,,,,~,
2025/06/28 15:00,POJ,2210700100033,106041286617375,[2,ߋE,,F,ؒÐ㗬͐쎖,͐,11.0,0742500100137,ؒ,0.0,2206700100028,qi@\j,0.0,0742500100136,p,0.0,,,,,,,,,,,,,,,,,,,,,,0.0,51365052,0.0,~,,,Z
2025/06/28 15:10,POJ,2210700100033,106041286617375,[2,ߋE,,F,ؒÐ㗬͐쎖,͐,11.0,0742500100137,ؒ,0.0,2206700100028,qi@\j,0.0,0742500100136,p,0.0,,,,,,,,,,,,,,,,,,,,,,0.0,51365052,0.0,~,,,Z
2025/06/28 15:20,POJ,2210700100033,106041286617375,[2,ߋE,,F,ؒÐ㗬͐쎖,͐,11.0,0742500100137,ؒ,0.0,2206700100028,qi@\j,0.0,0742500100136,p,0.0,,,,,,,,,,,,,,,,,,,,,,0.0,51365052,0.0,~,,,Z
2025/06/28 19:00,ԉJ,0640100100054,,gJ,ߋE,,m,i_Ǘ,,,0640100100043,,,0640100100058,唋,,0640100100066,Sώ,,,,,,,,,,,,,,,,,,,,,,,,52365259,,,,I,
2025/06/28 19:00,ԉJ,0640100100055,,N,ߋE,,m,i_Ǘ,,,0640100100054,gJ,,0640100100051,Ξ,,0640100100061,N,,,,,,,,,,,,,,,,,,,,,,,,52365382,,,,I,
2025/06/28 20:00,ԉJ,0640100100083,,Y,ߋE,,Y,ؔV{y؎,,,0640100100097,,,0640100100088,B|,,2203900100007,}Lm,,,,,,,,,,,,,,,,,,,,,,,,53361099,,,,I,
2025/06/29 00:00,ԉJ,0640100100052,,_,ߋE,,m,i_Ǘ,,,0640100100043,,,0640100100053,ݏ,,2203900100002,i,,,,,,,,,,,,,,,,,,,,,,,,52364391,,,,~,
2025/06/29 00:00,ԉJ,0742500100041,,,ߋE,a,,SRy؎,,,0742500100113,t,,2206900100006,,,0691300100018,i{FJVj,,,,,,,,,,,,,,,,,,,,,,,,51357523,,,,~,
2025/06/29 10:00,ԉJ,0640100100096,,j,ߋE,,j,y؎,,,2209700100021,㍪,,0640100100100,,,2203900100016,Ȑi@\j,,,,,,,,,,,,,,,,,,,,,,,,53350634,,,,~,
2025/06/29 12:00,ԉJ,0614500100161,,_,ߋE,V{,̑,F쌚ݎ,,,0768100100159,F,,0614500100167,,,0614500100164,琶,,,,,,,,,,,,,,,,,,,,,,,,50367030,,,,~,
2025/06/29 12:00,ԉJ,0665700100070,,,ߋE,Rǐ,,_Ǘ,,,0665700100086,Øa,,0665700100069,,,0460900100027,xz,,,,,,,,,,,,,,,,,,,,,,,,53350421,,,,~,
2025/06/29 16:00,ԉJ,0640100100054,,gJ,ߋE,,m,i_Ǘ,,,0640100100043,,,0640100100058,唋,,0640100100066,Sώ,,,,,,,,,,,,,,,,,,,,,,,,52365259,,,,~,
2025/06/29 16:00,ԉJ,0640100100055,,N,ߋE,,m,i_Ǘ,,,0640100100054,gJ,,0640100100051,Ξ,,0640100100061,N,,,,,,,,,,,,,,,,,,,,,,,,52365382,,,,~,
2025/06/29 17:00,ԉJ,0640100100086,,,ߋE,,,ؔV{y؎,,,0640100100082,,,0640100100085,s,,0640100100129,H,,,,,,,,,,,,,,,,,,,,,,,,53363118,,,,~,
2025/06/29 17:00,ԉJ,0640100100126,,ˌ,ߋE,,,ߍ]y؎,,,0640100100018,F,,0640100100038,,,0640100100044,,,,,,,,,,,,,,,,,,,,,,,,,52365026,,,,~,
2025/06/29 19:00,ԉJ,0742500100033,,v,ߋE,a,a,ay؎,,,0742500100013,},,0742500100108,a,,0742500100032,,,,,,,,,,,,,,,,,,,,,,,,,51356783,,,,~,
2025/06/29 21:00,ԉJ,0614500100161,,_,ߋE,V{,̑,F쌚ݎ,,,0768100100159,F,,0614500100167,,,0614500100164,琶,,,,,,,,,,,,,,,,,,,,,,,,50367030,,,,~,
2025/06/30 00:00,ԉJ,0640100100052,,_,ߋE,,m,i_Ǘ,,,0640100100043,,,0640100100053,ݏ,,2203900100002,i,,,,,,,,,,,,,,,,,,,,,,,,52364391,,,,~,
2025/06/30 02:00,ԉJ,2203900100016,106041900000090,Ȑi@\j,ߋE,,ܐ,@\@iΑǗ,@\,,0640100100100,,,0640100100008,,,0640100100094,Ko[,,,,,,,,,,,,,,,,,,,,,,,,52357740,,,,~,
2025/06/30 06:00,ԉJ,0640100100079,,bÌ,ߋE,,o,o_Ǘ,,,0640100100129,H,,2203900100004,g,,0640100100076,c,,,,,,,,,,,,,,,,,,,,,,,,53362219,,,,~,
2025/06/30 07:00,ԉJ,0742500100041,,,ߋE,a,,SRy؎,,,0742500100113,t,,2206900100006,,,0691300100018,i{FJVj,,,,,,,,,,,,,,,,,,,,,,,,51357523,,,,~,
2025/06/30 12:00,ԉJ,0665700100070,,,ߋE,Rǐ,,_Ǘ,,,0665700100086,Øa,,0665700100069,,,0460900100027,xz,,,,,,,,,,,,,,,,,,,,,,,,53350421,,,,~,
2025/06/30 15:00,ԉJ,0640100100054,,gJ,ߋE,,m,i_Ǘ,,,0640100100043,,,0640100100058,唋,,0640100100066,Sώ,,,,,,,,,,,,,,,,,,,,,,,,52365259,,,,~,
2025/06/30 15:00,ԉJ,0640100100055,,N,ߋE,,m,i_Ǘ,,,0640100100054,gJ,,0640100100051,Ξ,,0640100100061,N,,,,,,,,,,,,,,,,,,,,,,,,52365382,,,,~,
2025/06/30 18:00,ԉJ,0742500100033,,v,ߋE,a,a,ay؎,,,0742500100013,},,0742500100108,a,,0742500100032,,,,,,,,,,,,,,,,,,,,,,,,,51356783,,,,~,
2025/06/30 19:00,ԉJ,0640100100054,,gJ,ߋE,,m,i_Ǘ,,,0640100100043,,,0640100100058,唋,,0640100100066,Sώ,,,,,,,,,,,,,,,,,,,,,,,,52365259,,,,I,
2025/06/30 19:00,ԉJ,0640100100079,,bÌ,ߋE,,o,o_Ǘ,,,0640100100129,H,,2203900100004,g,,0640100100076,c,,,,,,,,,,,,,,,,,,,,,,,,53362219,,,,~,
2025/06/30 20:00,ԉJ,2207700100010,106021286622070,Vg,ߋE,I̐,I̐,I̐_Ǘ,͐,,0742500100021,,,2207700100013,,,0742500100146,kac,,,,,,,,,,,,,,,,,,,,,,,,51363004,,,,~,
